Date,Country,Latitude,Longitude,Temperature,Humidity
2010-01-01,United States,37.0902,-95.7129,-3.01,99.03
2010-01-01,Canada,56.1304,-106.3468,-25.64,100.00
2010-01-01,Brazil,-14.235,-51.9253,29.19,56.91
2010-01-01,United Kingdom,55.3781,-3.436,1.21,85.57
2010-01-01,Germany,51.1657,10.4515,-2.81,94.20
2010-01-01,India,20.5937,78.9629,13.82,72.60
2010-01-01,China,35.8617,104.1954,-3.61,92.66
2010-01-01,Australia,-25.2744,133.7751,31.03,56.32
2010-01-01,South Africa,-30.5595,22.9375,25.61,65.54
2010-01-01,Russia,61.524,105.3188,-31.17,100.00
2010-01-01,Japan,36.2048,138.2529,4.19,86.10
2010-01-01,Argentina,-38.4161,-63.6167,24.72,68.91
2010-01-01,France,46.2276,2.2137,0.28,98.71
2010-01-01,Italy,41.8719,12.5674,1.12,92.36
2010-01-01,Spain,40.4637,-3.7492,2.48,89.63
2010-01-01,Mexico,23.6345,-102.5528,13.93,71.76
2010-01-01,Indonesia,-0.7893,113.9213,28.93,51.56
2010-01-01,Nigeria,9.082,8.6753,23.61,59.34
2010-01-01,Egypt,26.8206,30.8025,11.89,75.37
2010-01-01,Saudi Arabia,23.8859,45.0792,9.21,78.04
2010-01-01,Sweden,60.1282,18.6435,-16.11,100.00
2010-01-01,Norway,60.472,8.4689,-13.05,100.00
2010-01-01,Chile,-35.6751,-71.543,20.12,70.73
2010-01-01,New Zealand,-40.9006,174.886,19.42,75.40
2010-02-01,United States,37.0902,-95.7129,0.04,99.82
2010-02-01,Canada,56.1304,-106.3468,-23.42,100.00
2010-02-01,Brazil,-14.235,-51.9253,29.90,59.19
2010-02-01,United Kingdom,55.3781,-3.436,1.24,85.99
2010-02-01,Germany,51.1657,10.4515,-2.06,93.17
2010-02-01,India,20.5937,78.9629,14.75,79.93
2010-02-01,China,35.8617,104.1954,-1.38,100.00
2010-02-01,Australia,-25.2744,133.7751,31.91,59.12
2010-02-01,South Africa,-30.5595,22.9375,25.03,70.22
2010-02-01,Russia,61.524,105.3188,-25.83,100.00
2010-02-01,Japan,36.2048,138.2529,5.72,85.60
2010-02-01,Argentina,-38.4161,-63.6167,21.46,68.54
2010-02-01,France,46.2276,2.2137,3.56,90.43
2010-02-01,Italy,41.8719,12.5674,4.11,89.45
2010-02-01,Spain,40.4637,-3.7492,5.51,89.66
2010-02-01,Mexico,23.6345,-102.5528,15.19,67.89
2010-02-01,Indonesia,-0.7893,113.9213,28.08,60.28
2010-02-01,Nigeria,9.082,8.6753,22.95,71.55
2010-02-01,Egypt,26.8206,30.8025,13.18,74.70
2010-02-01,Saudi Arabia,23.8859,45.0792,11.39,73.69
2010-02-01,Sweden,60.1282,18.6435,-11.63,100.00
2010-02-01,Norway,60.472,8.4689,-10.47,100.00
2010-02-01,Chile,-35.6751,-71.543,18.51,69.37
2010-02-01,New Zealand,-40.9006,174.886,18.20,68.99
2010-03-01,United States,37.0902,-95.7129,5.08,80.48
2010-03-01,Canada,56.1304,-106.3468,-15.58,100.00
2010-03-01,Brazil,-14.235,-51.9253,28.20,60.77
2010-03-01,United Kingdom,55.3781,-3.436,5.52,91.84
2010-03-01,Germany,51.1657,10.4515,3.28,83.89
2010-03-01,India,20.5937,78.9629,18.13,73.80
2010-03-01,China,35.8617,104.1954,4.04,84.76
2010-03-01,Australia,-25.2744,133.7751,25.88,59.71
2010-03-01,South Africa,-30.5595,22.9375,22.45,70.33
2010-03-01,Russia,61.524,105.3188,-17.76,100.00
2010-03-01,Japan,36.2048,138.2529,10.00,80.16
2010-03-01,Argentina,-38.4161,-63.6167,18.35,68.65
2010-03-01,France,46.2276,2.2137,6.92,87.48
2010-03-01,Italy,41.8719,12.5674,9.12,85.52
2010-03-01,Spain,40.4637,-3.7492,8.35,90.32
2010-03-01,Mexico,23.6345,-102.5528,16.28,76.79
2010-03-01,Indonesia,-0.7893,113.9213,27.78,54.10
2010-03-01,Nigeria,9.082,8.6753,23.97,67.03
2010-03-01,Egypt,26.8206,30.8025,17.18,69.01
2010-03-01,Saudi Arabia,23.8859,45.0792,17.62,67.87
2010-03-01,Sweden,60.1282,18.6435,-6.63,97.43
2010-03-01,Norway,60.472,8.4689,-5.03,100.00
2010-03-01,Chile,-35.6751,-71.543,15.97,75.31
2010-03-01,New Zealand,-40.9006,174.886,16.14,67.02
2010-04-01,United States,37.0902,-95.7129,11.61,78.31
2010-04-01,Canada,56.1304,-106.3468,-5.83,98.62
2010-04-01,Brazil,-14.235,-51.9253,26.05,57.06
2010-04-01,United Kingdom,55.3781,-3.436,10.21,78.77
2010-04-01,Germany,51.1657,10.4515,8.22,80.80
2010-04-01,India,20.5937,78.9629,23.25,58.53
2010-04-01,China,35.8617,104.1954,13.46,76.23
2010-04-01,Australia,-25.2744,133.7751,21.63,72.56
2010-04-01,South Africa,-30.5595,22.9375,18.85,75.10
2010-04-01,Russia,61.524,105.3188,-4.99,100.00
2010-04-01,Japan,36.2048,138.2529,13.82,83.11
2010-04-01,Argentina,-38.4161,-63.6167,13.96,82.33
2010-04-01,France,46.2276,2.2137,10.52,82.20
2010-04-01,Italy,41.8719,12.5674,15.18,72.31
2010-04-01,Spain,40.4637,-3.7492,15.56,72.20
2010-04-01,Mexico,23.6345,-102.5528,20.35,72.55
2010-04-01,Indonesia,-0.7893,113.9213,27.60,66.11
2010-04-01,Nigeria,9.082,8.6753,27.51,62.20
2010-04-01,Egypt,26.8206,30.8025,23.11,58.79
2010-04-01,Saudi Arabia,23.8859,45.0792,25.64,56.87
2010-04-01,Sweden,60.1282,18.6435,2.95,95.90
2010-04-01,Norway,60.472,8.4689,2.58,95.95
2010-04-01,Chile,-35.6751,-71.543,11.30,80.98
2010-04-01,New Zealand,-40.9006,174.886,9.95,88.39
2010-05-01,United States,37.0902,-95.7129,20.11,66.26
2010-05-01,Canada,56.1304,-106.3468,3.95,94.48
2010-05-01,Brazil,-14.235,-51.9253,22.54,60.80
2010-05-01,United Kingdom,55.3781,-3.436,15.23,82.08
2010-05-01,Germany,51.1657,10.4515,16.17,75.35
2010-05-01,India,20.5937,78.9629,28.90,56.28
2010-05-01,China,35.8617,104.1954,21.94,72.18
2010-05-01,Australia,-25.2744,133.7751,16.56,69.36
2010-05-01,South Africa,-30.5595,22.9375,13.14,71.10
2010-05-01,Russia,61.524,105.3188,8.73,78.54
2010-05-01,Japan,36.2048,138.2529,21.89,73.75
2010-05-01,Argentina,-38.4161,-63.6167,8.63,78.40
2010-05-01,France,46.2276,2.2137,16.76,70.67
2010-05-01,Italy,41.8719,12.5674,19.59,75.56
2010-05-01,Spain,40.4637,-3.7492,20.30,64.33
2010-05-01,Mexico,23.6345,-102.5528,24.93,58.99
2010-05-01,Indonesia,-0.7893,113.9213,26.07,62.52
2010-05-01,Nigeria,9.082,8.6753,29.91,62.05
2010-05-01,Egypt,26.8206,30.8025,26.64,61.90
2010-05-01,Saudi Arabia,23.8859,45.0792,33.64,59.57
2010-05-01,Sweden,60.1282,18.6435,11.97,74.71
2010-05-01,Norway,60.472,8.4689,9.40,87.87
2010-05-01,Chile,-35.6751,-71.543,9.24,81.54
2010-05-01,New Zealand,-40.9006,174.886,7.23,84.09
2010-06-01,United States,37.0902,-95.7129,24.09,57.23
2010-06-01,Canada,56.1304,-106.3468,13.14,79.92
2010-06-01,Brazil,-14.235,-51.9253,20.67,63.55
2010-06-01,United Kingdom,55.3781,-3.436,19.87,62.43
2010-06-01,Germany,51.1657,10.4515,18.64,75.25
2010-06-01,India,20.5937,78.9629,32.14,47.61
2010-06-01,China,35.8617,104.1954,28.78,62.18
2010-06-01,Australia,-25.2744,133.7751,13.69,78.26
2010-06-01,South Africa,-30.5595,22.9375,12.06,77.70
2010-06-01,Russia,61.524,105.3188,15.79,69.28
2010-06-01,Japan,36.2048,138.2529,24.58,67.29
2010-06-01,Argentina,-38.4161,-63.6167,6.19,90.25
2010-06-01,France,46.2276,2.2137,19.19,72.27
2010-06-01,Italy,41.8719,12.5674,25.18,61.39
2010-06-01,Spain,40.4637,-3.7492,26.48,64.97
2010-06-01,Mexico,23.6345,-102.5528,26.85,61.26
2010-06-01,Indonesia,-0.7893,113.9213,25.18,65.88
2010-06-01,Nigeria,9.082,8.6753,30.97,62.17
2010-06-01,Egypt,26.8206,30.8025,29.63,55.75
2010-06-01,Saudi Arabia,23.8859,45.0792,37.55,49.52
2010-06-01,Sweden,60.1282,18.6435,18.26,70.54
2010-06-01,Norway,60.472,8.4689,15.83,76.11
2010-06-01,Chile,-35.6751,-71.543,5.61,91.42
2010-06-01,New Zealand,-40.9006,174.886,3.68,89.95
2010-07-01,United States,37.0902,-95.7129,26.40,60.77
2010-07-01,Canada,56.1304,-106.3468,15.09,71.02
2010-07-01,Brazil,-14.235,-51.9253,19.00,70.79
2010-07-01,United Kingdom,55.3781,-3.436,18.78,68.74
2010-07-01,Germany,51.1657,10.4515,20.03,70.64
2010-07-01,India,20.5937,78.9629,33.68,56.03
2010-07-01,China,35.8617,104.1954,31.92,49.88
2010-07-01,Australia,-25.2744,133.7751,10.97,85.94
2010-07-01,South Africa,-30.5595,22.9375,10.80,85.21
2010-07-01,Russia,61.524,105.3188,18.84,65.66
2010-07-01,Japan,36.2048,138.2529,25.85,58.32
2010-07-01,Argentina,-38.4161,-63.6167,4.91,90.78
2010-07-01,France,46.2276,2.2137,20.36,63.00
2010-07-01,Italy,41.8719,12.5674,25.51,65.02
2010-07-01,Spain,40.4637,-3.7492,27.43,59.13
2010-07-01,Mexico,23.6345,-102.5528,28.32,65.34
2010-07-01,Indonesia,-0.7893,113.9213,26.16,63.43
2010-07-01,Nigeria,9.082,8.6753,31.30,49.32
2010-07-01,Egypt,26.8206,30.8025,31.35,58.33
2010-07-01,Saudi Arabia,23.8859,45.0792,41.04,48.31
2010-07-01,Sweden,60.1282,18.6435,22.05,66.56
2010-07-01,Norway,60.472,8.4689,16.94,66.45
2010-07-01,Chile,-35.6751,-71.543,3.18,82.14
2010-07-01,New Zealand,-40.9006,174.886,3.72,92.68
2010-08-01,United States,37.0902,-95.7129,24.34,61.36
2010-08-01,Canada,56.1304,-106.3468,12.46,81.47
2010-08-01,Brazil,-14.235,-51.9253,20.53,67.87
2010-08-01,United Kingdom,55.3781,-3.436,17.89,71.63
2010-08-01,Germany,51.1657,10.4515,19.92,62.73
2010-08-01,India,20.5937,78.9629,32.37,51.53
2010-08-01,China,35.8617,104.1954,28.68,54.98
2010-08-01,Australia,-25.2744,133.7751,14.45,78.99
2010-08-01,South Africa,-30.5595,22.9375,11.31,74.58
2010-08-01,Russia,61.524,105.3188,17.77,71.61
2010-08-01,Japan,36.2048,138.2529,25.27,57.73
2010-08-01,Argentina,-38.4161,-63.6167,6.44,81.28
2010-08-01,France,46.2276,2.2137,19.71,68.62
2010-08-01,Italy,41.8719,12.5674,24.79,59.13
2010-08-01,Spain,40.4637,-3.7492,24.53,58.04
2010-08-01,Mexico,23.6345,-102.5528,27.25,64.50
2010-08-01,Indonesia,-0.7893,113.9213,25.88,65.56
2010-08-01,Nigeria,9.082,8.6753,31.53,62.43
2010-08-01,Egypt,26.8206,30.8025,30.70,50.94
2010-08-01,Saudi Arabia,23.8859,45.0792,37.67,48.33
2010-08-01,Sweden,60.1282,18.6435,19.26,71.22
2010-08-01,Norway,60.472,8.4689,15.18,73.79
2010-08-01,Chile,-35.6751,-71.543,3.93,91.26
2010-08-01,New Zealand,-40.9006,174.886,5.25,91.48
2010-09-01,United States,37.0902,-95.7129,20.08,76.25
2010-09-01,Canada,56.1304,-106.3468,5.11,91.85
2010-09-01,Brazil,-14.235,-51.9253,22.64,69.85
2010-09-01,United Kingdom,55.3781,-3.436,15.94,74.18
2010-09-01,Germany,51.1657,10.4515,16.22,80.26
2010-09-01,India,20.5937,78.9629,28.58,64.17
2010-09-01,China,35.8617,104.1954,23.94,59.33
2010-09-01,Australia,-25.2744,133.7751,16.63,71.31
2010-09-01,South Africa,-30.5595,22.9375,15.18,73.91
2010-09-01,Russia,61.524,105.3188,8.01,83.82
2010-09-01,Japan,36.2048,138.2529,22.12,71.16
2010-09-01,Argentina,-38.4161,-63.6167,9.70,86.25
2010-09-01,France,46.2276,2.2137,15.80,76.04
2010-09-01,Italy,41.8719,12.5674,20.99,69.04
2010-09-01,Spain,40.4637,-3.7492,20.55,70.64
2010-09-01,Mexico,23.6345,-102.5528,25.53,61.43
2010-09-01,Indonesia,-0.7893,113.9213,25.91,56.19
2010-09-01,Nigeria,9.082,8.6753,28.15,63.70
2010-09-01,Egypt,26.8206,30.8025,27.11,61.82
2010-09-01,Saudi Arabia,23.8859,45.0792,31.82,53.34
2010-09-01,Sweden,60.1282,18.6435,11.02,79.30
2010-09-01,Norway,60.472,8.4689,10.02,87.71
2010-09-01,Chile,-35.6751,-71.543,7.96,83.18
2010-09-01,New Zealand,-40.9006,174.886,7.40,88.23
2010-10-01,United States,37.0902,-95.7129,12.55,79.39
2010-10-01,Canada,56.1304,-106.3468,-4.23,91.07
2010-10-01,Brazil,-14.235,-51.9253,25.68,64.23
2010-10-01,United Kingdom,55.3781,-3.436,10.63,81.00
2010-10-01,Germany,51.1657,10.4515,8.88,85.51
2010-10-01,India,20.5937,78.9629,23.25,71.24
2010-10-01,China,35.8617,104.1954,13.11,81.49
2010-10-01,Australia,-25.2744,133.7751,21.10,68.33
2010-10-01,South Africa,-30.5595,22.9375,19.20,76.24
2010-10-01,Russia,61.524,105.3188,-4.18,96.00
2010-10-01,Japan,36.2048,138.2529,14.75,82.73
2010-10-01,Argentina,-38.4161,-63.6167,13.88,75.07
2010-10-01,France,46.2276,2.2137,11.14,81.62
2010-10-01,Italy,41.8719,12.5674,13.01,79.20
2010-10-01,Spain,40.4637,-3.7492,15.62,67.85
2010-10-01,Mexico,23.6345,-102.5528,20.11,63.66
2010-10-01,Indonesia,-0.7893,113.9213,26.04,61.38
2010-10-01,Nigeria,9.082,8.6753,27.75,54.64
2010-10-01,Egypt,26.8206,30.8025,22.45,62.19
2010-10-01,Saudi Arabia,23.8859,45.0792,25.33,64.50
2010-10-01,Sweden,60.1282,18.6435,4.05,86.45
2010-10-01,Norway,60.472,8.4689,2.62,84.38
2010-10-01,Chile,-35.6751,-71.543,12.27,77.27
2010-10-01,New Zealand,-40.9006,174.886,10.74,75.14
2010-11-01,United States,37.0902,-95.7129,4.87,94.39
2010-11-01,Canada,56.1304,-106.3468,-15.52,100.00
2010-11-01,Brazil,-14.235,-51.9253,26.95,55.26
2010-11-01,United Kingdom,55.3781,-3.436,6.00,79.75
2010-11-01,Germany,51.1657,10.4515,4.05,85.33
2010-11-01,India,20.5937,78.9629,19.12,63.85
2010-11-01,China,35.8617,104.1954,5.21,79.94
2010-11-01,Australia,-25.2744,133.7751,25.93,63.69
2010-11-01,South Africa,-30.5595,22.9375,21.29,74.05
2010-11-01,Russia,61.524,105.3188,-17.50,100.00
2010-11-01,Japan,36.2048,138.2529,9.75,75.60
2010-11-01,Argentina,-38.4161,-63.6167,19.14,76.08
2010-11-01,France,46.2276,2.2137,5.50,79.40
2010-11-01,Italy,41.8719,12.5674,7.16,91.83
2010-11-01,Spain,40.4637,-3.7492,9.26,88.84
2010-11-01,Mexico,23.6345,-102.5528,17.70,76.83
2010-11-01,Indonesia,-0.7893,113.9213,26.94,55.07
2010-11-01,Nigeria,9.082,8.6753,24.11,70.00
2010-11-01,Egypt,26.8206,30.8025,16.94,71.08
2010-11-01,Saudi Arabia,23.8859,45.0792,16.73,74.53
2010-11-01,Sweden,60.1282,18.6435,-6.74,100.00
2010-11-01,Norway,60.472,8.4689,-4.98,100.00
2010-11-01,Chile,-35.6751,-71.543,16.31,69.65
2010-11-01,New Zealand,-40.9006,174.886,15.49,71.19
2010-12-01,United States,37.0902,-95.7129,-1.70,96.74
2010-12-01,Canada,56.1304,-106.3468,-23.08,100.00
2010-12-01,Brazil,-14.235,-51.9253,29.44,51.07
2010-12-01,United Kingdom,55.3781,-3.436,2.30,91.57
2010-12-01,Germany,51.1657,10.4515,-0.51,88.81
2010-12-01,India,20.5937,78.9629,16.54,66.72
2010-12-01,China,35.8617,104.1954,-2.45,100.00
2010-12-01,Australia,-25.2744,133.7751,31.71,48.15
2010-12-01,South Africa,-30.5595,22.9375,23.70,70.63
2010-12-01,Russia,61.524,105.3188,-25.51,100.00
2010-12-01,Japan,36.2048,138.2529,5.13,91.38
2010-12-01,Argentina,-38.4161,-63.6167,22.12,70.87
2010-12-01,France,46.2276,2.2137,1.17,91.61
2010-12-01,Italy,41.8719,12.5674,3.85,83.89
2010-12-01,Spain,40.4637,-3.7492,3.86,89.91
2010-12-01,Mexico,23.6345,-102.5528,14.79,75.70
2010-12-01,Indonesia,-0.7893,113.9213,29.92,56.25
2010-12-01,Nigeria,9.082,8.6753,23.15,72.03
2010-12-01,Egypt,26.8206,30.8025,12.93,73.28
2010-12-01,Saudi Arabia,23.8859,45.0792,12.67,80.71
2010-12-01,Sweden,60.1282,18.6435,-12.21,100.00
2010-12-01,Norway,60.472,8.4689,-10.91,100.00
2010-12-01,Chile,-35.6751,-71.543,18.25,73.82
2010-12-01,New Zealand,-40.9006,174.886,17.47,68.91
2011-01-01,United States,37.0902,-95.7129,-3.64,93.52
2011-01-01,Canada,56.1304,-106.3468,-23.84,100.00
2011-01-01,Brazil,-14.235,-51.9253,30.85,60.08
2011-01-01,United Kingdom,55.3781,-3.436,0.22,91.16
2011-01-01,Germany,51.1657,10.4515,-3.75,100.00
2011-01-01,India,20.5937,78.9629,14.99,69.49
2011-01-01,China,35.8617,104.1954,-4.75,97.72
2011-01-01,Australia,-25.2744,133.7751,31.62,49.59
2011-01-01,South Africa,-30.5595,22.9375,26.96,65.74
2011-01-01,Russia,61.524,105.3188,-31.20,100.00
2011-01-01,Japan,36.2048,138.2529,3.05,85.35
2011-01-01,Argentina,-38.4161,-63.6167,23.11,69.64
2011-01-01,France,46.2276,2.2137,0.37,94.65
2011-01-01,Italy,41.8719,12.5674,2.19,84.93
2011-01-01,Spain,40.4637,-3.7492,2.66,93.71
2011-01-01,Mexico,23.6345,-102.5528,12.26,76.85
2011-01-01,Indonesia,-0.7893,113.9213,29.69,59.59
2011-01-01,Nigeria,9.082,8.6753,22.51,69.28
2011-01-01,Egypt,26.8206,30.8025,11.97,79.41
2011-01-01,Saudi Arabia,23.8859,45.0792,11.19,81.29
2011-01-01,Sweden,60.1282,18.6435,-15.35,100.00
2011-01-01,Norway,60.472,8.4689,-13.01,100.00
2011-01-01,Chile,-35.6751,-71.543,20.19,71.44
2011-01-01,New Zealand,-40.9006,174.886,18.85,72.64
2011-02-01,United States,37.0902,-95.7129,-1.66,100.00
2011-02-01,Canada,56.1304,-106.3468,-22.52,100.00
2011-02-01,Brazil,-14.235,-51.9253,30.19,51.27
2011-02-01,United Kingdom,55.3781,-3.436,0.70,90.68
2011-02-01,Germany,51.1657,10.4515,-2.46,91.62
2011-02-01,India,20.5937,78.9629,16.23,80.66
2011-02-01,China,35.8617,104.1954,-2.64,100.00
2011-02-01,Australia,-25.2744,133.7751,30.61,49.18
2011-02-01,South Africa,-30.5595,22.9375,25.51,67.05
2011-02-01,Russia,61.524,105.3188,-26.45,100.00
2011-02-01,Japan,36.2048,138.2529,4.02,87.28
2011-02-01,Argentina,-38.4161,-63.6167,21.49,74.14
2011-02-01,France,46.2276,2.2137,2.23,97.13
2011-02-01,Italy,41.8719,12.5674,4.55,82.50
2011-02-01,Spain,40.4637,-3.7492,4.47,82.02
2011-02-01,Mexico,23.6345,-102.5528,13.21,76.15
2011-02-01,Indonesia,-0.7893,113.9213,30.00,62.61
2011-02-01,Nigeria,9.082,8.6753,23.78,67.11
2011-02-01,Egypt,26.8206,30.8025,14.40,78.55
2011-02-01,Saudi Arabia,23.8859,45.0792,11.13,83.36
2011-02-01,Sweden,60.1282,18.6435,-12.28,100.00
2011-02-01,Norway,60.472,8.4689,-10.86,100.00
2011-02-01,Chile,-35.6751,-71.543,18.14,64.83
2011-02-01,New Zealand,-40.9006,174.886,17.11,69.81
2011-03-01,United States,37.0902,-95.7129,3.61,81.72
2011-03-01,Canada,56.1304,-106.3468,-15.48,100.00
2011-03-01,Brazil,-14.235,-51.9253,26.91,67.22
2011-03-01,United Kingdom,55.3781,-3.436,4.83,86.75
2011-03-01,Germany,51.1657,10.4515,3.11,96.24
2011-03-01,India,20.5937,78.9629,19.86,65.61
2011-03-01,China,35.8617,104.1954,6.13,79.08
2011-03-01,Australia,-25.2744,133.7751,27.40,61.67
2011-03-01,South Africa,-30.5595,22.9375,21.54,67.52
2011-03-01,Russia,61.524,105.3188,-18.10,100.00
2011-03-01,Japan,36.2048,138.2529,9.17,85.08
2011-03-01,Argentina,-38.4161,-63.6167,18.29,75.12
2011-03-01,France,46.2276,2.2137,5.87,92.95
2011-03-01,Italy,41.8719,12.5674,8.40,82.25
2011-03-01,Spain,40.4637,-3.7492,8.83,75.53
2011-03-01,Mexico,23.6345,-102.5528,17.99,66.88
2011-03-01,Indonesia,-0.7893,113.9213,28.16,64.84
2011-03-01,Nigeria,9.082,8.6753,24.96,60.74
2011-03-01,Egypt,26.8206,30.8025,16.83,70.97
2011-03-01,Saudi Arabia,23.8859,45.0792,17.17,78.01
2011-03-01,Sweden,60.1282,18.6435,-6.16,97.87
2011-03-01,Norway,60.472,8.4689,-5.81,100.00
2011-03-01,Chile,-35.6751,-71.543,15.16,80.16
2011-03-01,New Zealand,-40.9006,174.886,15.13,74.28
2011-04-01,United States,37.0902,-95.7129,11.39,76.06
2011-04-01,Canada,56.1304,-106.3468,-5.73,95.03
2011-04-01,Brazil,-14.235,-51.9253,25.84,62.18
2011-04-01,United Kingdom,55.3781,-3.436,10.40,73.76
2011-04-01,Germany,51.1657,10.4515,8.63,88.40
2011-04-01,India,20.5937,78.9629,25.15,69.62
2011-04-01,China,35.8617,104.1954,13.40,74.42
2011-04-01,Australia,-25.2744,133.7751,22.57,60.31
2011-04-01,South Africa,-30.5595,22.9375,17.52,71.56
2011-04-01,Russia,61.524,105.3188,-3.92,98.88
2011-04-01,Japan,36.2048,138.2529,15.66,75.84
2011-04-01,Argentina,-38.4161,-63.6167,14.82,71.40
2011-04-01,France,46.2276,2.2137,11.70,77.76
2011-04-01,Italy,41.8719,12.5674,12.96,83.43
2011-04-01,Spain,40.4637,-3.7492,15.07,69.88
2011-04-01,Mexico,23.6345,-102.5528,20.73,69.79
2011-04-01,Indonesia,-0.7893,113.9213,25.81,64.80
2011-04-01,Nigeria,9.082,8.6753,27.17,53.89
2011-04-01,Egypt,26.8206,30.8025,21.19,64.71
2011-04-01,Saudi Arabia,23.8859,45.0792,24.58,64.21
2011-04-01,Sweden,60.1282,18.6435,4.16,95.23
2011-04-01,Norway,60.472,8.4689,2.60,94.87
2011-04-01,Chile,-35.6751,-71.543,13.27,83.07
2011-04-01,New Zealand,-40.9006,174.886,11.89,81.49
2011-05-01,United States,37.0902,-95.7129,19.58,64.94
2011-05-01,Canada,56.1304,-106.3468,3.93,88.76
2011-05-01,Brazil,-14.235,-51.9253,23.39,68.24
2011-05-01,United Kingdom,55.3781,-3.436,15.57,77.26
2011-05-01,Germany,51.1657,10.4515,14.21,75.62
2011-05-01,India,20.5937,78.9629,28.76,53.35
2011-05-01,China,35.8617,104.1954,23.83,69.13
2011-05-01,Australia,-25.2744,133.7751,16.75,77.65
2011-05-01,South Africa,-30.5595,22.9375,13.01,70.14
2011-05-01,Russia,61.524,105.3188,6.35,85.58
2011-05-01,Japan,36.2048,138.2529,21.63,65.82
2011-05-01,Argentina,-38.4161,-63.6167,9.14,75.41
2011-05-01,France,46.2276,2.2137,16.45,72.58
2011-05-01,Italy,41.8719,12.5674,20.64,66.40
2011-05-01,Spain,40.4637,-3.7492,20.20,65.40
2011-05-01,Mexico,23.6345,-102.5528,25.39,62.64
2011-05-01,Indonesia,-0.7893,113.9213,27.12,59.55
2011-05-01,Nigeria,9.082,8.6753,28.72,52.64
2011-05-01,Egypt,26.8206,30.8025,27.96,64.11
2011-05-01,Saudi Arabia,23.8859,45.0792,31.69,50.59
2011-05-01,Sweden,60.1282,18.6435,13.06,73.45
2011-05-01,Norway,60.472,8.4689,10.50,80.59
2011-05-01,Chile,-35.6751,-71.543,7.02,81.74
2011-05-01,New Zealand,-40.9006,174.886,6.81,86.20
2011-06-01,United States,37.0902,-95.7129,25.61,56.18
2011-06-01,Canada,56.1304,-106.3468,11.63,86.04
2011-06-01,Brazil,-14.235,-51.9253,21.83,74.09
2011-06-01,United Kingdom,55.3781,-3.436,17.73,75.24
2011-06-01,Germany,51.1657,10.4515,18.44,73.85
2011-06-01,India,20.5937,78.9629,31.99,53.29
2011-06-01,China,35.8617,104.1954,28.78,55.88
2011-06-01,Australia,-25.2744,133.7751,12.35,85.35
2011-06-01,South Africa,-30.5595,22.9375,12.31,75.09
2011-06-01,Russia,61.524,105.3188,17.58,71.38
2011-06-01,Japan,36.2048,138.2529,24.39,69.70
2011-06-01,Argentina,-38.4161,-63.6167,4.49,84.40
2011-06-01,France,46.2276,2.2137,19.37,70.85
2011-06-01,Italy,41.8719,12.5674,23.26,58.52
2011-06-01,Spain,40.4637,-3.7492,24.87,64.56
2011-06-01,Mexico,23.6345,-102.5528,27.17,66.07
2011-06-01,Indonesia,-0.7893,113.9213,25.80,61.66
2011-06-01,Nigeria,9.082,8.6753,31.29,62.35
2011-06-01,Egypt,26.8206,30.8025,29.80,57.69
2011-06-01,Saudi Arabia,23.8859,45.0792,38.76,46.58
2011-06-01,Sweden,60.1282,18.6435,19.45,75.58
2011-06-01,Norway,60.472,8.4689,15.63,77.16
2011-06-01,Chile,-35.6751,-71.543,5.75,78.76
2011-06-01,New Zealand,-40.9006,174.886,3.01,88.33
2011-07-01,United States,37.0902,-95.7129,28.23,56.99
2011-07-01,Canada,56.1304,-106.3468,15.07,75.08
2011-07-01,Brazil,-14.235,-51.9253,20.71,75.04
2011-07-01,United Kingdom,55.3781,-3.436,20.09,69.65
2011-07-01,Germany,51.1657,10.4515,20.76,64.86
2011-07-01,India,20.5937,78.9629,33.26,57.77
2011-07-01,China,35.8617,104.1954,31.98,61.27
2011-07-01,Australia,-25.2744,133.7751,12.61,84.49
2011-07-01,South Africa,-30.5595,22.9375,9.67,79.34
2011-07-01,Russia,61.524,105.3188,20.19,72.96
2011-07-01,Japan,36.2048,138.2529,28.10,56.06
2011-07-01,Argentina,-38.4161,-63.6167,3.93,91.06
2011-07-01,France,46.2276,2.2137,21.14,67.02
2011-07-01,Italy,41.8719,12.5674,25.91,58.32
2011-07-01,Spain,40.4637,-3.7492,26.09,57.02
2011-07-01,Mexico,23.6345,-102.5528,28.40,53.26
2011-07-01,Indonesia,-0.7893,113.9213,25.71,63.25
2011-07-01,Nigeria,9.082,8.6753,31.42,52.24
2011-07-01,Egypt,26.8206,30.8025,31.53,58.38
2011-07-01,Saudi Arabia,23.8859,45.0792,41.16,36.68
2011-07-01,Sweden,60.1282,18.6435,21.58,65.77
2011-07-01,Norway,60.472,8.4689,15.82,81.08
2011-07-01,Chile,-35.6751,-71.543,5.11,94.20
2011-07-01,New Zealand,-40.9006,174.886,2.97,85.70
2011-08-01,United States,37.0902,-95.7129,24.32,62.72
2011-08-01,Canada,56.1304,-106.3468,11.99,77.55
2011-08-01,Brazil,-14.235,-51.9253,20.31,71.04
2011-08-01,United Kingdom,55.3781,-3.436,18.59,74.67
2011-08-01,Germany,51.1657,10.4515,19.57,67.85
2011-08-01,India,20.5937,78.9629,32.09,49.90
2011-08-01,China,35.8617,104.1954,30.70,58.38
2011-08-01,Australia,-25.2744,133.7751,12.46,82.89
2011-08-01,South Africa,-30.5595,22.9375,12.29,84.12
2011-08-01,Russia,61.524,105.3188,16.36,76.47
2011-08-01,Japan,36.2048,138.2529,25.94,58.93
2011-08-01,Argentina,-38.4161,-63.6167,5.15,79.65
2011-08-01,France,46.2276,2.2137,19.58,75.45
2011-08-01,Italy,41.8719,12.5674,25.19,55.29
2011-08-01,Spain,40.4637,-3.7492,24.90,64.85
2011-08-01,Mexico,23.6345,-102.5528,28.64,59.46
2011-08-01,Indonesia,-0.7893,113.9213,24.21,65.41
2011-08-01,Nigeria,9.082,8.6753,31.61,59.32
2011-08-01,Egypt,26.8206,30.8025,30.91,56.14
2011-08-01,Saudi Arabia,23.8859,45.0792,38.67,39.21
2011-08-01,Sweden,60.1282,18.6435,18.95,75.07
2011-08-01,Norway,60.472,8.4689,16.06,77.14
2011-08-01,Chile,-35.6751,-71.543,5.02,90.22
2011-08-01,New Zealand,-40.9006,174.886,3.28,89.25
2011-09-01,United States,37.0902,-95.7129,20.29,70.46
2011-09-01,Canada,56.1304,-106.3468,4.61,84.85
2011-09-01,Brazil,-14.235,-51.9253,22.00,64.38
2011-09-01,United Kingdom,55.3781,-3.436,13.94,81.06
2011-09-01,Germany,51.1657,10.4515,15.68,80.64
2011-09-01,India,20.5937,78.9629,29.56,51.92
2011-09-01,China,35.8617,104.1954,23.43,70.06
2011-09-01,Australia,-25.2744,133.7751,16.74,74.78
2011-09-01,South Africa,-30.5595,22.9375,15.23,78.88
2011-09-01,Russia,61.524,105.3188,6.56,78.06
2011-09-01,Japan,36.2048,138.2529,20.59,68.44
2011-09-01,Argentina,-38.4161,-63.6167,9.03,77.36
2011-09-01,France,46.2276,2.2137,17.22,65.93
2011-09-01,Italy,41.8719,12.5674,20.68,67.70
2011-09-01,Spain,40.4637,-3.7492,20.38,65.56
2011-09-01,Mexico,23.6345,-102.5528,25.66,56.69
2011-09-01,Indonesia,-0.7893,113.9213,26.49,58.56
2011-09-01,Nigeria,9.082,8.6753,28.65,56.97
2011-09-01,Egypt,26.8206,30.8025,28.02,58.32
2011-09-01,Saudi Arabia,23.8859,45.0792,32.98,57.34
2011-09-01,Sweden,60.1282,18.6435,11.56,79.48
2011-09-01,Norway,60.472,8.4689,10.69,73.60
2011-09-01,Chile,-35.6751,-71.543,7.36,88.76
2011-09-01,New Zealand,-40.9006,174.886,7.60,83.56
2011-10-01,United States,37.0902,-95.7129,11.86,81.56
2011-10-01,Canada,56.1304,-106.3468,-5.17,92.32
2011-10-01,Brazil,-14.235,-51.9253,25.98,68.94
2011-10-01,United Kingdom,55.3781,-3.436,10.41,87.08
2011-10-01,Germany,51.1657,10.4515,8.18,90.20
2011-10-01,India,20.5937,78.9629,25.08,65.51
2011-10-01,China,35.8617,104.1954,14.18,71.07
2011-10-01,Australia,-25.2744,133.7751,22.41,68.97
2011-10-01,South Africa,-30.5595,22.9375,17.13,73.88
2011-10-01,Russia,61.524,105.3188,-6.08,95.99
2011-10-01,Japan,36.2048,138.2529,15.04,68.70
2011-10-01,Argentina,-38.4161,-63.6167,15.02,76.53
2011-10-01,France,46.2276,2.2137,10.00,77.24
2011-10-01,Italy,41.8719,12.5674,13.64,82.77
2011-10-01,Spain,40.4637,-3.7492,14.81,72.03
2011-10-01,Mexico,23.6345,-102.5528,21.20,71.62
2011-10-01,Indonesia,-0.7893,113.9213,26.76,59.81
2011-10-01,Nigeria,9.082,8.6753,25.86,65.50
2011-10-01,Egypt,26.8206,30.8025,23.18,60.50
2011-10-01,Saudi Arabia,23.8859,45.0792,24.64,56.95
2011-10-01,Sweden,60.1282,18.6435,2.46,83.50
2011-10-01,Norway,60.472,8.4689,2.66,88.49
2011-10-01,Chile,-35.6751,-71.543,11.89,76.14
2011-10-01,New Zealand,-40.9006,174.886,9.81,87.58
2011-11-01,United States,37.0902,-95.7129,5.33,82.41
2011-11-01,Canada,56.1304,-106.3468,-15.81,100.00
2011-11-01,Brazil,-14.235,-51.9253,27.75,55.21
2011-11-01,United Kingdom,55.3781,-3.436,5.04,81.33
2011-11-01,Germany,51.1657,10.4515,2.88,96.99
2011-11-01,India,20.5937,78.9629,19.47,74.47
2011-11-01,China,35.8617,104.1954,4.54,89.99
2011-11-01,Australia,-25.2744,133.7751,27.94,56.19
2011-11-01,South Africa,-30.5595,22.9375,22.06,63.00
2011-11-01,Russia,61.524,105.3188,-16.24,100.00
2011-11-01,Japan,36.2048,138.2529,9.72,75.45
2011-11-01,Argentina,-38.4161,-63.6167,18.07,66.50
2011-11-01,France,46.2276,2.2137,6.52,85.01
2011-11-01,Italy,41.8719,12.5674,9.13,77.96
2011-11-01,Spain,40.4637,-3.7492,10.05,78.26
2011-11-01,Mexico,23.6345,-102.5528,17.63,77.61
2011-11-01,Indonesia,-0.7893,113.9213,28.97,52.48
2011-11-01,Nigeria,9.082,8.6753,25.41,58.51
2011-11-01,Egypt,26.8206,30.8025,15.81,68.48
2011-11-01,Saudi Arabia,23.8859,45.0792,18.09,71.83
2011-11-01,Sweden,60.1282,18.6435,-6.55,94.27
2011-11-01,Norway,60.472,8.4689,-5.60,100.00
2011-11-01,Chile,-35.6751,-71.543,16.86,73.93
2011-11-01,New Zealand,-40.9006,174.886,14.23,72.44
2011-12-01,United States,37.0902,-95.7129,-0.04,91.85
2011-12-01,Canada,56.1304,-106.3468,-21.49,100.00
2011-12-01,Brazil,-14.235,-51.9253,28.49,65.70
2011-12-01,United Kingdom,55.3781,-3.436,1.18,91.72
2011-12-01,Germany,51.1657,10.4515,-0.29,89.89
2011-12-01,India,20.5937,78.9629,14.49,76.99
2011-12-01,China,35.8617,104.1954,-1.19,91.31
2011-12-01,Australia,-25.2744,133.7751,30.32,62.03
2011-12-01,South Africa,-30.5595,22.9375,23.88,62.51
2011-12-01,Russia,61.524,105.3188,-26.61,100.00
2011-12-01,Japan,36.2048,138.2529,5.01,82.28
2011-12-01,Argentina,-38.4161,-63.6167,23.26,66.99
2011-12-01,France,46.2276,2.2137,2.66,82.66
2011-12-01,Italy,41.8719,12.5674,4.46,83.06
2011-12-01,Spain,40.4637,-3.7492,5.88,84.35
2011-12-01,Mexico,23.6345,-102.5528,13.07,79.85
2011-12-01,Indonesia,-0.7893,113.9213,29.49,63.62
2011-12-01,Nigeria,9.082,8.6753,23.04,70.43
2011-12-01,Egypt,26.8206,30.8025,12.45,79.75
2011-12-01,Saudi Arabia,23.8859,45.0792,12.65,77.44
2011-12-01,Sweden,60.1282,18.6435,-12.28,100.00
2011-12-01,Norway,60.472,8.4689,-10.57,100.00
2011-12-01,Chile,-35.6751,-71.543,19.39,62.33
2011-12-01,New Zealand,-40.9006,174.886,16.89,70.34
2012-01-01,United States,37.0902,-95.7129,-2.46,100.00
2012-01-01,Canada,56.1304,-106.3468,-23.71,100.00
2012-01-01,Brazil,-14.235,-51.9253,31.29,62.72
2012-01-01,United Kingdom,55.3781,-3.436,1.14,93.08
2012-01-01,Germany,51.1657,10.4515,-4.10,93.04
2012-01-01,India,20.5937,78.9629,14.82,72.12
2012-01-01,China,35.8617,104.1954,-3.87,94.86
2012-01-01,Australia,-25.2744,133.7751,32.22,54.54
2012-01-01,South Africa,-30.5595,22.9375,26.59,62.15
2012-01-01,Russia,61.524,105.3188,-30.65,100.00
2012-01-01,Japan,36.2048,138.2529,4.13,89.92
2012-01-01,Argentina,-38.4161,-63.6167,24.00,64.17
2012-01-01,France,46.2276,2.2137,1.72,92.80
2012-01-01,Italy,41.8719,12.5674,3.10,83.06
2012-01-01,Spain,40.4637,-3.7492,4.24,84.04
2012-01-01,Mexico,23.6345,-102.5528,14.28,71.99
2012-01-01,Indonesia,-0.7893,113.9213,29.71,63.68
2012-01-01,Nigeria,9.082,8.6753,22.19,64.40
2012-01-01,Egypt,26.8206,30.8025,10.91,82.52
2012-01-01,Saudi Arabia,23.8859,45.0792,10.39,74.85
2012-01-01,Sweden,60.1282,18.6435,-16.09,100.00
2012-01-01,Norway,60.472,8.4689,-12.53,100.00
2012-01-01,Chile,-35.6751,-71.543,20.78,65.31
2012-01-01,New Zealand,-40.9006,174.886,20.08,61.66
2012-02-01,United States,37.0902,-95.7129,-0.55,99.52
2012-02-01,Canada,56.1304,-106.3468,-22.69,100.00
2012-02-01,Brazil,-14.235,-51.9253,28.52,52.19
2012-02-01,United Kingdom,55.3781,-3.436,1.20,98.15
2012-02-01,Germany,51.1657,10.4515,-1.97,96.63
2012-02-01,India,20.5937,78.9629,15.26,77.83
2012-02-01,China,35.8617,104.1954,-0.82,93.60
2012-02-01,Australia,-25.2744,133.7751,29.73,56.11
2012-02-01,South Africa,-30.5595,22.9375,24.38,67.76
2012-02-01,Russia,61.524,105.3188,-27.00,100.00
2012-02-01,Japan,36.2048,138.2529,5.05,84.26
2012-02-01,Argentina,-38.4161,-63.6167,23.20,65.37
2012-02-01,France,46.2276,2.2137,2.03,87.39
2012-02-01,Italy,41.8719,12.5674,3.37,88.58
2012-02-01,Spain,40.4637,-3.7492,5.24,88.33
2012-02-01,Mexico,23.6345,-102.5528,13.90,78.94
2012-02-01,Indonesia,-0.7893,113.9213,28.10,58.54
2012-02-01,Nigeria,9.082,8.6753,23.71,69.99
2012-02-01,Egypt,26.8206,30.8025,14.22,70.75
2012-02-01,Saudi Arabia,23.8859,45.0792,12.85,79.75
2012-02-01,Sweden,60.1282,18.6435,-13.28,100.00
2012-02-01,Norway,60.472,8.4689,-11.34,100.00
2012-02-01,Chile,-35.6751,-71.543,19.94,70.08
2012-02-01,New Zealand,-40.9006,174.886,19.05,76.08
2012-03-01,United States,37.0902,-95.7129,5.16,84.09
2012-03-01,Canada,56.1304,-106.3468,-14.80,100.00
2012-03-01,Brazil,-14.235,-51.9253,28.15,59.37
2012-03-01,United Kingdom,55.3781,-3.436,4.84,92.81
2012-03-01,Germany,51.1657,10.4515,3.13,96.73
2012-03-01,India,20.5937,78.9629,18.49,66.37
2012-03-01,China,35.8617,104.1954,4.69,86.91
2012-03-01,Australia,-25.2744,133.7751,26.11,57.70
2012-03-01,South Africa,-30.5595,22.9375,21.17,69.61
2012-03-01,Russia,61.524,105.3188,-17.19,100.00
2012-03-01,Japan,36.2048,138.2529,9.75,78.85
2012-03-01,Argentina,-38.4161,-63.6167,19.13,67.56
2012-03-01,France,46.2276,2.2137,5.35,86.72
2012-03-01,Italy,41.8719,12.5674,8.65,76.44
2012-03-01,Spain,40.4637,-3.7492,9.04,85.82
2012-03-01,Mexico,23.6345,-102.5528,17.21,66.21
2012-03-01,Indonesia,-0.7893,113.9213,28.11,59.47
2012-03-01,Nigeria,9.082,8.6753,24.78,60.07
2012-03-01,Egypt,26.8206,30.8025,17.05,78.80
2012-03-01,Saudi Arabia,23.8859,45.0792,17.82,66.51
2012-03-01,Sweden,60.1282,18.6435,-5.69,100.00
2012-03-01,Norway,60.472,8.4689,-6.29,100.00
2012-03-01,Chile,-35.6751,-71.543,17.15,68.47
2012-03-01,New Zealand,-40.9006,174.886,15.55,69.94
2012-04-01,United States,37.0902,-95.7129,12.44,81.67
2012-04-01,Canada,56.1304,-106.3468,-4.15,100.00
2012-04-01,Brazil,-14.235,-51.9253,24.32,63.15
2012-04-01,United Kingdom,55.3781,-3.436,10.97,86.72
2012-04-01,Germany,51.1657,10.4515,9.92,85.05
2012-04-01,India,20.5937,78.9629,23.41,71.50
2012-04-01,China,35.8617,104.1954,14.47,80.30
2012-04-01,Australia,-25.2744,133.7751,20.99,69.78
2012-04-01,South Africa,-30.5595,22.9375,17.51,74.87
2012-04-01,Russia,61.524,105.3188,-5.30,100.00
2012-04-01,Japan,36.2048,138.2529,15.17,81.68
2012-04-01,Argentina,-38.4161,-63.6167,14.67,71.83
2012-04-01,France,46.2276,2.2137,10.86,87.45
2012-04-01,Italy,41.8719,12.5674,13.42,72.77
2012-04-01,Spain,40.4637,-3.7492,15.42,78.88
2012-04-01,Mexico,23.6345,-102.5528,22.10,68.43
2012-04-01,Indonesia,-0.7893,113.9213,26.10,57.49
2012-04-01,Nigeria,9.082,8.6753,26.98,60.00
2012-04-01,Egypt,26.8206,30.8025,23.02,66.66
2012-04-01,Saudi Arabia,23.8859,45.0792,24.95,62.82
2012-04-01,Sweden,60.1282,18.6435,3.16,89.17
2012-04-01,Norway,60.472,8.4689,1.54,96.79
2012-04-01,Chile,-35.6751,-71.543,12.55,79.68
2012-04-01,New Zealand,-40.9006,174.886,10.25,80.86
2012-05-01,United States,37.0902,-95.7129,19.80,65.46
2012-05-01,Canada,56.1304,-106.3468,5.35,82.98
2012-05-01,Brazil,-14.235,-51.9253,23.59,58.62
2012-05-01,United Kingdom,55.3781,-3.436,16.11,79.46
2012-05-01,Germany,51.1657,10.4515,14.71,82.23
2012-05-01,India,20.5937,78.9629,30.21,59.58
2012-05-01,China,35.8617,104.1954,22.85,64.16
2012-05-01,Australia,-25.2744,133.7751,18.15,69.15
2012-05-01,South Africa,-30.5595,22.9375,13.07,82.25
2012-05-01,Russia,61.524,105.3188,6.49,78.81
2012-05-01,Japan,36.2048,138.2529,21.75,62.90
2012-05-01,Argentina,-38.4161,-63.6167,9.69,87.88
2012-05-01,France,46.2276,2.2137,16.66,79.31
2012-05-01,Italy,41.8719,12.5674,21.22,69.94
2012-05-01,Spain,40.4637,-3.7492,21.43,74.54
2012-05-01,Mexico,23.6345,-102.5528,24.88,65.88
2012-05-01,Indonesia,-0.7893,113.9213,25.15,56.56
2012-05-01,Nigeria,9.082,8.6753,29.40,52.73
2012-05-01,Egypt,26.8206,30.8025,27.07,65.88
2012-05-01,Saudi Arabia,23.8859,45.0792,31.91,54.24
2012-05-01,Sweden,60.1282,18.6435,11.83,82.88
2012-05-01,Norway,60.472,8.4689,9.69,75.80
2012-05-01,Chile,-35.6751,-71.543,7.16,90.54
2012-05-01,New Zealand,-40.9006,174.886,8.25,78.92
2012-06-01,United States,37.0902,-95.7129,25.72,57.16
2012-06-01,Canada,56.1304,-106.3468,11.24,73.41
2012-06-01,Brazil,-14.235,-51.9253,20.27,68.57
2012-06-01,United Kingdom,55.3781,-3.436,19.09,66.99
2012-06-01,Germany,51.1657,10.4515,19.84,72.16
2012-06-01,India,20.5937,78.9629,33.11,50.69
2012-06-01,China,35.8617,104.1954,30.57,59.52
2012-06-01,Australia,-25.2744,133.7751,12.89,71.40
2012-06-01,South Africa,-30.5595,22.9375,11.04,76.24
2012-06-01,Russia,61.524,105.3188,17.17,65.13
2012-06-01,Japan,36.2048,138.2529,24.28,64.72
2012-06-01,Argentina,-38.4161,-63.6167,4.62,90.12
2012-06-01,France,46.2276,2.2137,20.44,68.55
2012-06-01,Italy,41.8719,12.5674,25.63,56.28
2012-06-01,Spain,40.4637,-3.7492,24.59,59.47
2012-06-01,Mexico,23.6345,-102.5528,28.53,63.18
2012-06-01,Indonesia,-0.7893,113.9213,26.13,58.43
2012-06-01,Nigeria,9.082,8.6753,30.00,51.58
2012-06-01,Egypt,26.8206,30.8025,31.34,59.05
2012-06-01,Saudi Arabia,23.8859,45.0792,38.26,49.66
2012-06-01,Sweden,60.1282,18.6435,18.07,69.74
2012-06-01,Norway,60.472,8.4689,15.20,76.52
2012-06-01,Chile,-35.6751,-71.543,4.35,91.53
2012-06-01,New Zealand,-40.9006,174.886,4.94,84.20
2012-07-01,United States,37.0902,-95.7129,27.96,56.35
2012-07-01,Canada,56.1304,-106.3468,13.84,69.82
2012-07-01,Brazil,-14.235,-51.9253,21.07,64.81
2012-07-01,United Kingdom,55.3781,-3.436,19.74,62.58
2012-07-01,Germany,51.1657,10.4515,19.97,62.08
2012-07-01,India,20.5937,78.9629,33.50,49.47
2012-07-01,China,35.8617,104.1954,31.16,51.86
2012-07-01,Australia,-25.2744,133.7751,12.11,71.28
2012-07-01,South Africa,-30.5595,22.9375,10.52,86.50
2012-07-01,Russia,61.524,105.3188,20.93,69.84
2012-07-01,Japan,36.2048,138.2529,27.49,56.36
2012-07-01,Argentina,-38.4161,-63.6167,4.99,88.58
2012-07-01,France,46.2276,2.2137,21.25,70.20
2012-07-01,Italy,41.8719,12.5674,26.77,59.76
2012-07-01,Spain,40.4637,-3.7492,26.88,61.60
2012-07-01,Mexico,23.6345,-102.5528,29.62,50.73
2012-07-01,Indonesia,-0.7893,113.9213,26.11,64.50
2012-07-01,Nigeria,9.082,8.6753,31.42,62.25
2012-07-01,Egypt,26.8206,30.8025,32.73,60.78
2012-07-01,Saudi Arabia,23.8859,45.0792,39.85,39.66
2012-07-01,Sweden,60.1282,18.6435,20.13,65.83
2012-07-01,Norway,60.472,8.4689,16.11,74.32
2012-07-01,Chile,-35.6751,-71.543,4.38,86.87
2012-07-01,New Zealand,-40.9006,174.886,2.75,85.72
2012-08-01,United States,37.0902,-95.7129,24.37,64.73
2012-08-01,Canada,56.1304,-106.3468,13.15,73.25
2012-08-01,Brazil,-14.235,-51.9253,21.76,66.52
2012-08-01,United Kingdom,55.3781,-3.436,17.67,72.13
2012-08-01,Germany,51.1657,10.4515,19.84,74.29
2012-08-01,India,20.5937,78.9629,33.65,55.66
2012-08-01,China,35.8617,104.1954,28.84,64.72
2012-08-01,Australia,-25.2744,133.7751,14.45,78.66
2012-08-01,South Africa,-30.5595,22.9375,12.09,81.92
2012-08-01,Russia,61.524,105.3188,16.23,75.54
2012-08-01,Japan,36.2048,138.2529,25.15,65.72
2012-08-01,Argentina,-38.4161,-63.6167,4.61,87.37
2012-08-01,France,46.2276,2.2137,19.30,71.92
2012-08-01,Italy,41.8719,12.5674,23.62,63.37
2012-08-01,Spain,40.4637,-3.7492,24.51,64.32
2012-08-01,Mexico,23.6345,-102.5528,28.91,56.09
2012-08-01,Indonesia,-0.7893,113.9213,25.13,57.89
2012-08-01,Nigeria,9.082,8.6753,29.66,61.03
2012-08-01,Egypt,26.8206,30.8025,31.94,52.18
2012-08-01,Saudi Arabia,23.8859,45.0792,37.91,50.01
2012-08-01,Sweden,60.1282,18.6435,18.12,65.21
2012-08-01,Norway,60.472,8.4689,14.02,70.51
2012-08-01,Chile,-35.6751,-71.543,5.30,93.26
2012-08-01,New Zealand,-40.9006,174.886,3.68,95.15
2012-09-01,United States,37.0902,-95.7129,19.30,62.57
2012-09-01,Canada,56.1304,-106.3468,3.83,92.53
2012-09-01,Brazil,-14.235,-51.9253,22.65,70.19
2012-09-01,United Kingdom,55.3781,-3.436,13.85,80.29
2012-09-01,Germany,51.1657,10.4515,15.37,76.56
2012-09-01,India,20.5937,78.9629,29.62,53.03
2012-09-01,China,35.8617,104.1954,21.91,64.77
2012-09-01,Australia,-25.2744,133.7751,17.44,69.35
2012-09-01,South Africa,-30.5595,22.9375,13.25,70.80
2012-09-01,Russia,61.524,105.3188,8.26,77.16
2012-09-01,Japan,36.2048,138.2529,21.54,71.36
2012-09-01,Argentina,-38.4161,-63.6167,10.20,82.22
2012-09-01,France,46.2276,2.2137,14.97,74.45
2012-09-01,Italy,41.8719,12.5674,19.17,64.43
2012-09-01,Spain,40.4637,-3.7492,22.33,67.67
2012-09-01,Mexico,23.6345,-102.5528,25.71,65.50
2012-09-01,Indonesia,-0.7893,113.9213,26.48,64.13
2012-09-01,Nigeria,9.082,8.6753,29.00,55.14
2012-09-01,Egypt,26.8206,30.8025,26.69,62.19
2012-09-01,Saudi Arabia,23.8859,45.0792,32.15,54.72
2012-09-01,Sweden,60.1282,18.6435,11.88,83.47
2012-09-01,Norway,60.472,8.4689,8.96,86.40
2012-09-01,Chile,-35.6751,-71.543,7.34,78.75
2012-09-01,New Zealand,-40.9006,174.886,8.17,85.04
2012-10-01,United States,37.0902,-95.7129,11.88,82.36
2012-10-01,Canada,56.1304,-106.3468,-4.36,98.64
2012-10-01,Brazil,-14.235,-51.9253,24.38,57.17
2012-10-01,United Kingdom,55.3781,-3.436,9.16,87.27
2012-10-01,Germany,51.1657,10.4515,9.28,86.94
2012-10-01,India,20.5937,78.9629,23.65,62.62
2012-10-01,China,35.8617,104.1954,14.78,73.61
2012-10-01,Australia,-25.2744,133.7751,22.17,71.94
2012-10-01,South Africa,-30.5595,22.9375,17.39,78.76
2012-10-01,Russia,61.524,105.3188,-4.42,100.00
2012-10-01,Japan,36.2048,138.2529,14.21,69.10
2012-10-01,Argentina,-38.4161,-63.6167,14.56,73.69
2012-10-01,France,46.2276,2.2137,12.14,85.18
2012-10-01,Italy,41.8719,12.5674,13.20,77.10
2012-10-01,Spain,40.4637,-3.7492,14.95,68.21
2012-10-01,Mexico,23.6345,-102.5528,21.14,61.32
2012-10-01,Indonesia,-0.7893,113.9213,27.77,62.32
2012-10-01,Nigeria,9.082,8.6753,28.17,61.54
2012-10-01,Egypt,26.8206,30.8025,20.89,70.76
2012-10-01,Saudi Arabia,23.8859,45.0792,24.98,58.94
2012-10-01,Sweden,60.1282,18.6435,2.17,97.38
2012-10-01,Norway,60.472,8.4689,1.88,85.65
2012-10-01,Chile,-35.6751,-71.543,12.02,78.13
2012-10-01,New Zealand,-40.9006,174.886,10.77,74.65
2012-11-01,United States,37.0902,-95.7129,4.47,91.09
2012-11-01,Canada,56.1304,-106.3468,-13.78,100.00
2012-11-01,Brazil,-14.235,-51.9253,28.03,64.34
2012-11-01,United Kingdom,55.3781,-3.436,5.24,88.18
2012-11-01,Germany,51.1657,10.4515,3.45,86.77
2012-11-01,India,20.5937,78.9629,18.24,76.32
2012-11-01,China,35.8617,104.1954,4.81,92.74
2012-11-01,Australia,-25.2744,133.7751,26.60,55.04
2012-11-01,South Africa,-30.5595,22.9375,21.30,67.57
2012-11-01,Russia,61.524,105.3188,-18.00,100.00
2012-11-01,Japan,36.2048,138.2529,9.17,86.94
2012-11-01,Argentina,-38.4161,-63.6167,18.35,72.40
2012-11-01,France,46.2276,2.2137,6.10,85.91
2012-11-01,Italy,41.8719,12.5674,7.56,76.59
2012-11-01,Spain,40.4637,-3.7492,9.92,88.08
2012-11-01,Mexico,23.6345,-102.5528,18.12,64.09
2012-11-01,Indonesia,-0.7893,113.9213,29.07,53.29
2012-11-01,Nigeria,9.082,8.6753,25.87,59.99
2012-11-01,Egypt,26.8206,30.8025,17.07,68.11
2012-11-01,Saudi Arabia,23.8859,45.0792,18.59,63.98
2012-11-01,Sweden,60.1282,18.6435,-5.46,100.00
2012-11-01,Norway,60.472,8.4689,-6.64,100.00
2012-11-01,Chile,-35.6751,-71.543,16.97,66.34
2012-11-01,New Zealand,-40.9006,174.886,15.41,79.38
2012-12-01,United States,37.0902,-95.7129,-0.36,91.04
2012-12-01,Canada,56.1304,-106.3468,-21.25,100.00
2012-12-01,Brazil,-14.235,-51.9253,30.17,52.81
2012-12-01,United Kingdom,55.3781,-3.436,1.02,89.54
2012-12-01,Germany,51.1657,10.4515,-0.52,96.79
2012-12-01,India,20.5937,78.9629,16.33,76.07
2012-12-01,China,35.8617,104.1954,-2.06,95.78
2012-12-01,Australia,-25.2744,133.7751,30.17,62.26
2012-12-01,South Africa,-30.5595,22.9375,25.68,55.29
2012-12-01,Russia,61.524,105.3188,-26.16,100.00
2012-12-01,Japan,36.2048,138.2529,5.14,89.35
2012-12-01,Argentina,-38.4161,-63.6167,23.03,61.18
2012-12-01,France,46.2276,2.2137,2.83,88.92
2012-12-01,Italy,41.8719,12.5674,4.77,92.39
2012-12-01,Spain,40.4637,-3.7492,4.59,81.66
2012-12-01,Mexico,23.6345,-102.5528,13.43,79.86
2012-12-01,Indonesia,-0.7893,113.9213,29.30,60.21
2012-12-01,Nigeria,9.082,8.6753,23.37,63.44
2012-12-01,Egypt,26.8206,30.8025,13.52,82.45
2012-12-01,Saudi Arabia,23.8859,45.0792,11.91,83.37
2012-12-01,Sweden,60.1282,18.6435,-11.91,100.00
2012-12-01,Norway,60.472,8.4689,-10.46,100.00
2012-12-01,Chile,-35.6751,-71.543,19.18,63.74
2012-12-01,New Zealand,-40.9006,174.886,17.88,78.26
2013-01-01,United States,37.0902,-95.7129,-1.67,100.00
2013-01-01,Canada,56.1304,-106.3468,-24.71,100.00
2013-01-01,Brazil,-14.235,-51.9253,30.38,52.80
2013-01-01,United Kingdom,55.3781,-3.436,-0.46,90.44
2013-01-01,Germany,51.1657,10.4515,-2.02,100.00
2013-01-01,India,20.5937,78.9629,13.35,83.07
2013-01-01,China,35.8617,104.1954,-4.68,93.56
2013-01-01,Australia,-25.2744,133.7751,31.89,57.22
2013-01-01,South Africa,-30.5595,22.9375,26.67,58.90
2013-01-01,Russia,61.524,105.3188,-29.90,100.00
2013-01-01,Japan,36.2048,138.2529,4.20,87.73
2013-01-01,Argentina,-38.4161,-63.6167,23.38,68.37
2013-01-01,France,46.2276,2.2137,-0.08,99.00
2013-01-01,Italy,41.8719,12.5674,1.06,96.80
2013-01-01,Spain,40.4637,-3.7492,1.91,92.10
2013-01-01,Mexico,23.6345,-102.5528,14.28,69.00
2013-01-01,Indonesia,-0.7893,113.9213,28.12,55.88
2013-01-01,Nigeria,9.082,8.6753,22.12,72.27
2013-01-01,Egypt,26.8206,30.8025,11.41,86.68
2013-01-01,Saudi Arabia,23.8859,45.0792,10.73,87.56
2013-01-01,Sweden,60.1282,18.6435,-15.57,100.00
2013-01-01,Norway,60.472,8.4689,-12.93,100.00
2013-01-01,Chile,-35.6751,-71.543,19.79,65.70
2013-01-01,New Zealand,-40.9006,174.886,18.76,72.06
2013-02-01,United States,37.0902,-95.7129,-1.43,96.71
2013-02-01,Canada,56.1304,-106.3468,-21.61,100.00
2013-02-01,Brazil,-14.235,-51.9253,28.63,53.76
2013-02-01,United Kingdom,55.3781,-3.436,1.57,94.23
2013-02-01,Germany,51.1657,10.4515,-0.59,97.90
2013-02-01,India,20.5937,78.9629,14.69,82.11
2013-02-01,China,35.8617,104.1954,-1.04,97.80
2013-02-01,Australia,-25.2744,133.7751,31.78,48.34
2013-02-01,South Africa,-30.5595,22.9375,24.99,68.36
2013-02-01,Russia,61.524,105.3188,-25.98,100.00
2013-02-01,Japan,36.2048,138.2529,4.49,92.74
2013-02-01,Argentina,-38.4161,-63.6167,21.74,64.24
2013-02-01,France,46.2276,2.2137,3.44,93.74
2013-02-01,Italy,41.8719,12.5674,3.05,93.41
2013-02-01,Spain,40.4637,-3.7492,5.37,92.61
2013-02-01,Mexico,23.6345,-102.5528,14.26,72.87
2013-02-01,Indonesia,-0.7893,113.9213,29.66,50.04
2013-02-01,Nigeria,9.082,8.6753,23.37,62.81
2013-02-01,Egypt,26.8206,30.8025,14.59,68.75
2013-02-01,Saudi Arabia,23.8859,45.0792,11.70,86.27
2013-02-01,Sweden,60.1282,18.6435,-13.53,100.00
2013-02-01,Norway,60.472,8.4689,-10.91,100.00
2013-02-01,Chile,-35.6751,-71.543,19.61,67.86
2013-02-01,New Zealand,-40.9006,174.886,18.36,78.16
2013-03-01,United States,37.0902,-95.7129,5.70,83.17
2013-03-01,Canada,56.1304,-106.3468,-14.68,100.00
2013-03-01,Brazil,-14.235,-51.9253,27.43,59.05
2013-03-01,United Kingdom,55.3781,-3.436,4.45,80.37
2013-03-01,Germany,51.1657,10.4515,2.31,89.70
2013-03-01,India,20.5937,78.9629,17.92,76.94
2013-03-01,China,35.8617,104.1954,3.95,92.42
2013-03-01,Australia,-25.2744,133.7751,26.36,55.09
2013-03-01,South Africa,-30.5595,22.9375,21.34,60.14
2013-03-01,Russia,61.524,105.3188,-17.65,100.00
2013-03-01,Japan,36.2048,138.2529,9.98,77.25
2013-03-01,Argentina,-38.4161,-63.6167,19.71,64.98
2013-03-01,France,46.2276,2.2137,6.52,86.31
2013-03-01,Italy,41.8719,12.5674,8.70,80.78
2013-03-01,Spain,40.4637,-3.7492,9.41,86.31
2013-03-01,Mexico,23.6345,-102.5528,18.27,65.01
2013-03-01,Indonesia,-0.7893,113.9213,29.17,63.88
2013-03-01,Nigeria,9.082,8.6753,25.36,55.62
2013-03-01,Egypt,26.8206,30.8025,18.34,65.94
2013-03-01,Saudi Arabia,23.8859,45.0792,17.77,72.35
2013-03-01,Sweden,60.1282,18.6435,-6.38,100.00
2013-03-01,Norway,60.472,8.4689,-4.83,100.00
2013-03-01,Chile,-35.6751,-71.543,15.34,73.14
2013-03-01,New Zealand,-40.9006,174.886,16.01,79.55
2013-04-01,United States,37.0902,-95.7129,11.12,79.79
2013-04-01,Canada,56.1304,-106.3468,-4.19,95.95
2013-04-01,Brazil,-14.235,-51.9253,24.24,60.89
2013-04-01,United Kingdom,55.3781,-3.436,9.16,88.22
2013-04-01,Germany,51.1657,10.4515,9.12,75.58
2013-04-01,India,20.5937,78.9629,23.86,59.87
2013-04-01,China,35.8617,104.1954,13.40,70.40
2013-04-01,Australia,-25.2744,133.7751,20.98,67.59
2013-04-01,South Africa,-30.5595,22.9375,18.63,70.24
2013-04-01,Russia,61.524,105.3188,-3.77,91.27
2013-04-01,Japan,36.2048,138.2529,15.58,73.14
2013-04-01,Argentina,-38.4161,-63.6167,14.11,80.01
2013-04-01,France,46.2276,2.2137,11.33,79.90
2013-04-01,Italy,41.8719,12.5674,14.23,78.35
2013-04-01,Spain,40.4637,-3.7492,15.47,75.66
2013-04-01,Mexico,23.6345,-102.5528,22.20,66.20
2013-04-01,Indonesia,-0.7893,113.9213,26.68,61.26
2013-04-01,Nigeria,9.082,8.6753,28.10,57.26
2013-04-01,Egypt,26.8206,30.8025,23.37,58.39
2013-04-01,Saudi Arabia,23.8859,45.0792,24.03,60.00
2013-04-01,Sweden,60.1282,18.6435,1.89,96.59
2013-04-01,Norway,60.472,8.4689,1.64,86.05
2013-04-01,Chile,-35.6751,-71.543,12.61,71.59
2013-04-01,New Zealand,-40.9006,174.886,10.58,84.85
2013-05-01,United States,37.0902,-95.7129,20.43,72.96
2013-05-01,Canada,56.1304,-106.3468,5.19,90.01
2013-05-01,Brazil,-14.235,-51.9253,22.95,59.15
2013-05-01,United Kingdom,55.3781,-3.436,14.79,75.31
2013-05-01,Germany,51.1657,10.4515,16.17,71.90
2013-05-01,India,20.5937,78.9629,29.09,55.11
2013-05-01,China,35.8617,104.1954,22.05,66.25
2013-05-01,Australia,-25.2744,133.7751,16.10,77.75
2013-05-01,South Africa,-30.5595,22.9375,12.93,73.42
2013-05-01,Russia,61.524,105.3188,6.43,84.55
2013-05-01,Japan,36.2048,138.2529,21.76,70.59
2013-05-01,Argentina,-38.4161,-63.6167,8.68,85.47
2013-05-01,France,46.2276,2.2137,15.45,80.82
2013-05-01,Italy,41.8719,12.5674,19.93,74.59
2013-05-01,Spain,40.4637,-3.7492,22.12,66.57
2013-05-01,Mexico,23.6345,-102.5528,24.77,59.21
2013-05-01,Indonesia,-0.7893,113.9213,26.17,56.70
2013-05-01,Nigeria,9.082,8.6753,28.17,62.79
2013-05-01,Egypt,26.8206,30.8025,27.12,62.31
2013-05-01,Saudi Arabia,23.8859,45.0792,32.05,47.72
2013-05-01,Sweden,60.1282,18.6435,11.39,86.08
2013-05-01,Norway,60.472,8.4689,9.23,85.88
2013-05-01,Chile,-35.6751,-71.543,7.50,78.16
2013-05-01,New Zealand,-40.9006,174.886,6.98,85.22
2013-06-01,United States,37.0902,-95.7129,24.63,68.11
2013-06-01,Canada,56.1304,-106.3468,11.44,74.72
2013-06-01,Brazil,-14.235,-51.9253,20.18,74.07
2013-06-01,United Kingdom,55.3781,-3.436,18.87,67.79
2013-06-01,Germany,51.1657,10.4515,19.43,72.10
2013-06-01,India,20.5937,78.9629,33.19,53.71
2013-06-01,China,35.8617,104.1954,30.67,62.49
2013-06-01,Australia,-25.2744,133.7751,13.95,78.42
2013-06-01,South Africa,-30.5595,22.9375,10.95,86.31
2013-06-01,Russia,61.524,105.3188,16.70,74.88
2013-06-01,Japan,36.2048,138.2529,26.48,56.38
2013-06-01,Argentina,-38.4161,-63.6167,6.09,86.22
2013-06-01,France,46.2276,2.2137,19.29,75.92
2013-06-01,Italy,41.8719,12.5674,23.57,60.70
2013-06-01,Spain,40.4637,-3.7492,24.82,60.69
2013-06-01,Mexico,23.6345,-102.5528,29.23,55.74
2013-06-01,Indonesia,-0.7893,113.9213,25.55,58.83
2013-06-01,Nigeria,9.082,8.6753,31.74,50.97
2013-06-01,Egypt,26.8206,30.8025,31.36,55.07
2013-06-01,Saudi Arabia,23.8859,45.0792,38.24,48.71
2013-06-01,Sweden,60.1282,18.6435,17.90,72.69
2013-06-01,Norway,60.472,8.4689,15.78,69.80
2013-06-01,Chile,-35.6751,-71.543,4.54,87.15
2013-06-01,New Zealand,-40.9006,174.886,4.18,82.77
2013-07-01,United States,37.0902,-95.7129,26.93,54.66
2013-07-01,Canada,56.1304,-106.3468,15.98,73.20
2013-07-01,Brazil,-14.235,-51.9253,20.90,74.54
2013-07-01,United Kingdom,55.3781,-3.436,19.34,68.56
2013-07-01,Germany,51.1657,10.4515,19.91,73.91
2013-07-01,India,20.5937,78.9629,34.01,59.13
2013-07-01,China,35.8617,104.1954,31.30,50.79
2013-07-01,Australia,-25.2744,133.7751,12.35,78.47
2013-07-01,South Africa,-30.5595,22.9375,10.80,82.51
2013-07-01,Russia,61.524,105.3188,20.89,66.06
2013-07-01,Japan,36.2048,138.2529,26.18,62.65
2013-07-01,Argentina,-38.4161,-63.6167,3.92,93.57
2013-07-01,France,46.2276,2.2137,20.61,65.39
2013-07-01,Italy,41.8719,12.5674,27.15,61.80
2013-07-01,Spain,40.4637,-3.7492,27.75,53.26
2013-07-01,Mexico,23.6345,-102.5528,28.52,64.90
2013-07-01,Indonesia,-0.7893,113.9213,25.50,62.50
2013-07-01,Nigeria,9.082,8.6753,30.64,53.50
2013-07-01,Egypt,26.8206,30.8025,33.08,51.96
2013-07-01,Saudi Arabia,23.8859,45.0792,40.46,37.94
2013-07-01,Sweden,60.1282,18.6435,21.00,67.13
2013-07-01,Norway,60.472,8.4689,16.42,74.93
2013-07-01,Chile,-35.6751,-71.543,5.00,92.90
2013-07-01,New Zealand,-40.9006,174.886,3.90,89.37
2013-08-01,United States,37.0902,-95.7129,25.11,64.66
2013-08-01,Canada,56.1304,-106.3468,11.90,74.51
2013-08-01,Brazil,-14.235,-51.9253,21.81,73.11
2013-08-01,United Kingdom,55.3781,-3.436,19.35,66.62
2013-08-01,Germany,51.1657,10.4515,19.20,76.33
2013-08-01,India,20.5937,78.9629,33.48,51.50
2013-08-01,China,35.8617,104.1954,29.36,53.89
2013-08-01,Australia,-25.2744,133.7751,13.71,72.67
2013-08-01,South Africa,-30.5595,22.9375,12.20,74.26
2013-08-01,Russia,61.524,105.3188,16.61,65.74
2013-08-01,Japan,36.2048,138.2529,24.49,64.87
2013-08-01,Argentina,-38.4161,-63.6167,6.44,86.17
2013-08-01,France,46.2276,2.2137,19.42,67.81
2013-08-01,Italy,41.8719,12.5674,25.34,59.15
2013-08-01,Spain,40.4637,-3.7492,25.62,65.04
2013-08-01,Mexico,23.6345,-102.5528,29.01,64.99
2013-08-01,Indonesia,-0.7893,113.9213,26.02,69.24
2013-08-01,Nigeria,9.082,8.6753,29.50,52.15
2013-08-01,Egypt,26.8206,30.8025,30.61,56.37
2013-08-01,Saudi Arabia,23.8859,45.0792,36.87,45.41
2013-08-01,Sweden,60.1282,18.6435,19.91,62.31
2013-08-01,Norway,60.472,8.4689,16.18,73.29
2013-08-01,Chile,-35.6751,-71.543,4.39,93.95
2013-08-01,New Zealand,-40.9006,174.886,4.33,87.32
2013-09-01,United States,37.0902,-95.7129,20.11,63.58
2013-09-01,Canada,56.1304,-106.3468,4.21,89.86
2013-09-01,Brazil,-14.235,-51.9253,21.71,69.74
2013-09-01,United Kingdom,55.3781,-3.436,14.84,68.89
2013-09-01,Germany,51.1657,10.4515,14.99,72.29
2013-09-01,India,20.5937,78.9629,29.12,63.02
2013-09-01,China,35.8617,104.1954,23.26,67.33
2013-09-01,Australia,-25.2744,133.7751,18.29,75.89
2013-09-01,South Africa,-30.5595,22.9375,13.70,69.16
2013-09-01,Russia,61.524,105.3188,8.13,89.78
2013-09-01,Japan,36.2048,138.2529,21.98,68.30
2013-09-01,Argentina,-38.4161,-63.6167,9.70,80.44
2013-09-01,France,46.2276,2.2137,15.52,71.53
2013-09-01,Italy,41.8719,12.5674,19.91,75.42
2013-09-01,Spain,40.4637,-3.7492,19.98,66.30
2013-09-01,Mexico,23.6345,-102.5528,24.37,70.48
2013-09-01,Indonesia,-0.7893,113.9213,26.02,66.25
2013-09-01,Nigeria,9.082,8.6753,30.02,60.69
2013-09-01,Egypt,26.8206,30.8025,28.30,54.14
2013-09-01,Saudi Arabia,23.8859,45.0792,32.11,56.81
2013-09-01,Sweden,60.1282,18.6435,12.39,72.70
2013-09-01,Norway,60.472,8.4689,10.54,78.29
2013-09-01,Chile,-35.6751,-71.543,7.99,76.73
2013-09-01,New Zealand,-40.9006,174.886,6.98,90.12
2013-10-01,United States,37.0902,-95.7129,11.02,86.37
2013-10-01,Canada,56.1304,-106.3468,-4.81,99.03
2013-10-01,Brazil,-14.235,-51.9253,25.94,57.05
2013-10-01,United Kingdom,55.3781,-3.436,11.17,80.01
2013-10-01,Germany,51.1657,10.4515,8.98,78.39
2013-10-01,India,20.5937,78.9629,24.20,61.57
2013-10-01,China,35.8617,104.1954,14.35,76.57
2013-10-01,Australia,-25.2744,133.7751,22.76,65.16
2013-10-01,South Africa,-30.5595,22.9375,17.30,78.40
2013-10-01,Russia,61.524,105.3188,-5.03,100.00
2013-10-01,Japan,36.2048,138.2529,15.30,69.53
2013-10-01,Argentina,-38.4161,-63.6167,14.95,76.35
2013-10-01,France,46.2276,2.2137,10.41,76.92
2013-10-01,Italy,41.8719,12.5674,14.26,68.46
2013-10-01,Spain,40.4637,-3.7492,15.38,67.47
2013-10-01,Mexico,23.6345,-102.5528,22.33,64.90
2013-10-01,Indonesia,-0.7893,113.9213,27.35,60.38
2013-10-01,Nigeria,9.082,8.6753,27.94,54.18
2013-10-01,Egypt,26.8206,30.8025,22.86,63.42
2013-10-01,Saudi Arabia,23.8859,45.0792,24.03,59.66
2013-10-01,Sweden,60.1282,18.6435,2.87,87.73
2013-10-01,Norway,60.472,8.4689,3.35,93.01
2013-10-01,Chile,-35.6751,-71.543,11.39,79.59
2013-10-01,New Zealand,-40.9006,174.886,10.09,76.86
2013-11-01,United States,37.0902,-95.7129,4.55,80.39
2013-11-01,Canada,56.1304,-106.3468,-13.83,100.00
2013-11-01,Brazil,-14.235,-51.9253,28.78,56.31
2013-11-01,United Kingdom,55.3781,-3.436,4.57,93.23
2013-11-01,Germany,51.1657,10.4515,3.32,85.27
2013-11-01,India,20.5937,78.9629,17.89,75.67
2013-11-01,China,35.8617,104.1954,4.39,84.78
2013-11-01,Australia,-25.2744,133.7751,27.49,54.91
2013-11-01,South Africa,-30.5595,22.9375,22.53,71.99
2013-11-01,Russia,61.524,105.3188,-17.46,100.00
2013-11-01,Japan,36.2048,138.2529,9.64,77.49
2013-11-01,Argentina,-38.4161,-63.6167,18.48,69.16
2013-11-01,France,46.2276,2.2137,5.25,83.49
2013-11-01,Italy,41.8719,12.5674,7.27,84.33
2013-11-01,Spain,40.4637,-3.7492,8.95,81.31
2013-11-01,Mexico,23.6345,-102.5528,17.65,72.62
2013-11-01,Indonesia,-0.7893,113.9213,28.45,61.78
2013-11-01,Nigeria,9.082,8.6753,26.05,60.36
2013-11-01,Egypt,26.8206,30.8025,16.04,78.37
2013-11-01,Saudi Arabia,23.8859,45.0792,17.51,76.35
2013-11-01,Sweden,60.1282,18.6435,-6.33,100.00
2013-11-01,Norway,60.472,8.4689,-6.57,100.00
2013-11-01,Chile,-35.6751,-71.543,15.58,72.76
2013-11-01,New Zealand,-40.9006,174.886,14.07,74.35
2013-12-01,United States,37.0902,-95.7129,-1.66,88.86
2013-12-01,Canada,56.1304,-106.3468,-21.52,100.00
2013-12-01,Brazil,-14.235,-51.9253,28.83,61.77
2013-12-01,United Kingdom,55.3781,-3.436,0.46,91.28
2013-12-01,Germany,51.1657,10.4515,-0.45,93.28
2013-12-01,India,20.5937,78.9629,16.33,78.54
2013-12-01,China,35.8617,104.1954,-1.27,95.31
2013-12-01,Australia,-25.2744,133.7751,31.76,56.02
2013-12-01,South Africa,-30.5595,22.9375,25.53,67.14
2013-12-01,Russia,61.524,105.3188,-27.78,100.00
2013-12-01,Japan,36.2048,138.2529,5.49,80.94
2013-12-01,Argentina,-38.4161,-63.6167,23.52,69.18
2013-12-01,France,46.2276,2.2137,1.89,88.37
2013-12-01,Italy,41.8719,12.5674,3.77,86.84
2013-12-01,Spain,40.4637,-3.7492,5.96,87.80
2013-12-01,Mexico,23.6345,-102.5528,13.07,76.71
2013-12-01,Indonesia,-0.7893,113.9213,29.19,54.28
2013-12-01,Nigeria,9.082,8.6753,22.64,65.99
2013-12-01,Egypt,26.8206,30.8025,13.88,68.86
2013-12-01,Saudi Arabia,23.8859,45.0792,12.16,78.25
2013-12-01,Sweden,60.1282,18.6435,-11.47,100.00
2013-12-01,Norway,60.472,8.4689,-10.81,100.00
2013-12-01,Chile,-35.6751,-71.543,18.48,65.33
2013-12-01,New Zealand,-40.9006,174.886,17.02,66.66
2014-01-01,United States,37.0902,-95.7129,-3.03,98.77
2014-01-01,Canada,56.1304,-106.3468,-25.55,100.00
2014-01-01,Brazil,-14.235,-51.9253,31.23,52.09
2014-01-01,United Kingdom,55.3781,-3.436,1.21,90.71
2014-01-01,Germany,51.1657,10.4515,-3.76,100.00
2014-01-01,India,20.5937,78.9629,13.62,69.49
2014-01-01,China,35.8617,104.1954,-4.50,91.30
2014-01-01,Australia,-25.2744,133.7751,33.39,49.05
2014-01-01,South Africa,-30.5595,22.9375,26.04,57.53
2014-01-01,Russia,61.524,105.3188,-29.94,100.00
2014-01-01,Japan,36.2048,138.2529,2.12,94.37
2014-01-01,Argentina,-38.4161,-63.6167,24.91,63.66
2014-01-01,France,46.2276,2.2137,2.04,89.49
2014-01-01,Italy,41.8719,12.5674,2.34,90.78
2014-01-01,Spain,40.4637,-3.7492,3.44,82.30
2014-01-01,Mexico,23.6345,-102.5528,13.54,70.77
2014-01-01,Indonesia,-0.7893,113.9213,29.27,63.98
2014-01-01,Nigeria,9.082,8.6753,23.99,57.77
2014-01-01,Egypt,26.8206,30.8025,11.57,79.25
2014-01-01,Saudi Arabia,23.8859,45.0792,10.72,83.28
2014-01-01,Sweden,60.1282,18.6435,-13.78,100.00
2014-01-01,Norway,60.472,8.4689,-14.09,100.00
2014-01-01,Chile,-35.6751,-71.543,19.85,73.69
2014-01-01,New Zealand,-40.9006,174.886,18.91,65.89
2014-02-01,United States,37.0902,-95.7129,-1.17,99.16
2014-02-01,Canada,56.1304,-106.3468,-21.58,100.00
2014-02-01,Brazil,-14.235,-51.9253,30.09,63.73
2014-02-01,United Kingdom,55.3781,-3.436,0.46,96.62
2014-02-01,Germany,51.1657,10.4515,-0.86,94.35
2014-02-01,India,20.5937,78.9629,16.14,72.96
2014-02-01,China,35.8617,104.1954,-2.01,99.81
2014-02-01,Australia,-25.2744,133.7751,30.28,50.90
2014-02-01,South Africa,-30.5595,22.9375,25.21,63.41
2014-02-01,Russia,61.524,105.3188,-25.56,100.00
2014-02-01,Japan,36.2048,138.2529,3.83,86.41
2014-02-01,Argentina,-38.4161,-63.6167,23.63,65.74
2014-02-01,France,46.2276,2.2137,1.60,91.27
2014-02-01,Italy,41.8719,12.5674,4.63,87.64
2014-02-01,Spain,40.4637,-3.7492,5.64,81.76
2014-02-01,Mexico,23.6345,-102.5528,13.73,69.33
2014-02-01,Indonesia,-0.7893,113.9213,28.85,58.94
2014-02-01,Nigeria,9.082,8.6753,24.09,67.93
2014-02-01,Egypt,26.8206,30.8025,13.10,83.42
2014-02-01,Saudi Arabia,23.8859,45.0792,13.03,73.36
2014-02-01,Sweden,60.1282,18.6435,-11.96,100.00
2014-02-01,Norway,60.472,8.4689,-12.06,100.00
2014-02-01,Chile,-35.6751,-71.543,20.19,62.89
2014-02-01,New Zealand,-40.9006,174.886,18.39,66.36
2014-03-01,United States,37.0902,-95.7129,4.05,87.95
2014-03-01,Canada,56.1304,-106.3468,-15.86,100.00
2014-03-01,Brazil,-14.235,-51.9253,27.22,59.91
2014-03-01,United Kingdom,55.3781,-3.436,4.11,93.23
2014-03-01,Germany,51.1657,10.4515,2.35,90.81
2014-03-01,India,20.5937,78.9629,19.93,68.93
2014-03-01,China,35.8617,104.1954,4.80,87.69
2014-03-01,Australia,-25.2744,133.7751,26.18,57.89
2014-03-01,South Africa,-30.5595,22.9375,21.83,72.91
2014-03-01,Russia,61.524,105.3188,-16.86,100.00
2014-03-01,Japan,36.2048,138.2529,9.56,79.14
2014-03-01,Argentina,-38.4161,-63.6167,20.05,67.62
2014-03-01,France,46.2276,2.2137,5.23,80.97
2014-03-01,Italy,41.8719,12.5674,8.13,89.50
2014-03-01,Spain,40.4637,-3.7492,8.92,78.29
2014-03-01,Mexico,23.6345,-102.5528,17.42,75.54
2014-03-01,Indonesia,-0.7893,113.9213,27.25,64.50
2014-03-01,Nigeria,9.082,8.6753,24.43,68.36
2014-03-01,Egypt,26.8206,30.8025,18.21,76.01
2014-03-01,Saudi Arabia,23.8859,45.0792,18.14,72.34
2014-03-01,Sweden,60.1282,18.6435,-5.69,100.00
2014-03-01,Norway,60.472,8.4689,-4.88,98.96
2014-03-01,Chile,-35.6751,-71.543,15.23,78.63
2014-03-01,New Zealand,-40.9006,174.886,14.10,70.82
2014-04-01,United States,37.0902,-95.7129,11.20,86.81
2014-04-01,Canada,56.1304,-106.3468,-4.31,100.00
2014-04-01,Brazil,-14.235,-51.9253,24.91,57.04
2014-04-01,United Kingdom,55.3781,-3.436,9.45,87.68
2014-04-01,Germany,51.1657,10.4515,7.92,89.18
2014-04-01,India,20.5937,78.9629,25.18,56.22
2014-04-01,China,35.8617,104.1954,13.61,74.11
2014-04-01,Australia,-25.2744,133.7751,22.12,62.60
2014-04-01,South Africa,-30.5595,22.9375,17.01,70.85
2014-04-01,Russia,61.524,105.3188,-3.75,90.16
2014-04-01,Japan,36.2048,138.2529,15.44,68.03
2014-04-01,Argentina,-38.4161,-63.6167,14.87,72.57
2014-04-01,France,46.2276,2.2137,12.33,84.48
2014-04-01,Italy,41.8719,12.5674,14.25,77.34
2014-04-01,Spain,40.4637,-3.7492,15.49,77.82
2014-04-01,Mexico,23.6345,-102.5528,20.74,64.84
2014-04-01,Indonesia,-0.7893,113.9213,27.41,63.16
2014-04-01,Nigeria,9.082,8.6753,26.49,59.33
2014-04-01,Egypt,26.8206,30.8025,21.19,73.26
2014-04-01,Saudi Arabia,23.8859,45.0792,25.89,69.40
2014-04-01,Sweden,60.1282,18.6435,2.87,91.11
2014-04-01,Norway,60.472,8.4689,2.34,89.95
2014-04-01,Chile,-35.6751,-71.543,13.27,72.22
2014-04-01,New Zealand,-40.9006,174.886,10.55,82.88
2014-05-01,United States,37.0902,-95.7129,19.60,70.82
2014-05-01,Canada,56.1304,-106.3468,5.12,86.05
2014-05-01,Brazil,-14.235,-51.9253,23.78,58.21
2014-05-01,United Kingdom,55.3781,-3.436,14.87,78.99
2014-05-01,Germany,51.1657,10.4515,16.19,72.89
2014-05-01,India,20.5937,78.9629,30.23,61.00
2014-05-01,China,35.8617,104.1954,22.71,71.38
2014-05-01,Australia,-25.2744,133.7751,17.96,75.04
2014-05-01,South Africa,-30.5595,22.9375,14.23,69.22
2014-05-01,Russia,61.524,105.3188,8.23,85.57
2014-05-01,Japan,36.2048,138.2529,20.44,75.62
2014-05-01,Argentina,-38.4161,-63.6167,7.92,87.84
2014-05-01,France,46.2276,2.2137,16.77,65.91
2014-05-01,Italy,41.8719,12.5674,19.24,68.89
2014-05-01,Spain,40.4637,-3.7492,21.32,60.73
2014-05-01,Mexico,23.6345,-102.5528,26.05,66.90
2014-05-01,Indonesia,-0.7893,113.9213,26.70,63.52
2014-05-01,Nigeria,9.082,8.6753,29.47,64.08
2014-05-01,Egypt,26.8206,30.8025,27.60,66.51
2014-05-01,Saudi Arabia,23.8859,45.0792,32.49,57.26
2014-05-01,Sweden,60.1282,18.6435,10.99,80.28
2014-05-01,Norway,60.472,8.4689,10.46,87.59
2014-05-01,Chile,-35.6751,-71.543,8.43,84.98
2014-05-01,New Zealand,-40.9006,174.886,6.57,85.15
2014-06-01,United States,37.0902,-95.7129,25.65,65.61
2014-06-01,Canada,56.1304,-106.3468,12.61,75.85
2014-06-01,Brazil,-14.235,-51.9253,21.72,70.73
2014-06-01,United Kingdom,55.3781,-3.436,17.78,71.13
2014-06-01,Germany,51.1657,10.4515,18.62,75.01
2014-06-01,India,20.5937,78.9629,32.11,56.83
2014-06-01,China,35.8617,104.1954,30.08,56.76
2014-06-01,Australia,-25.2744,133.7751,14.69,76.41
2014-06-01,South Africa,-30.5595,22.9375,11.57,80.73
2014-06-01,Russia,61.524,105.3188,15.65,75.28
2014-06-01,Japan,36.2048,138.2529,25.69,60.41
2014-06-01,Argentina,-38.4161,-63.6167,6.64,79.09
2014-06-01,France,46.2276,2.2137,20.13,73.27
2014-06-01,Italy,41.8719,12.5674,25.28,58.04
2014-06-01,Spain,40.4637,-3.7492,24.60,66.36
2014-06-01,Mexico,23.6345,-102.5528,26.96,64.58
2014-06-01,Indonesia,-0.7893,113.9213,25.00,68.83
2014-06-01,Nigeria,9.082,8.6753,31.44,55.88
2014-06-01,Egypt,26.8206,30.8025,32.02,50.88
2014-06-01,Saudi Arabia,23.8859,45.0792,37.77,42.24
2014-06-01,Sweden,60.1282,18.6435,19.70,62.50
2014-06-01,Norway,60.472,8.4689,16.31,71.16
2014-06-01,Chile,-35.6751,-71.543,5.05,94.15
2014-06-01,New Zealand,-40.9006,174.886,4.68,85.08
2014-07-01,United States,37.0902,-95.7129,27.09,65.19
2014-07-01,Canada,56.1304,-106.3468,15.61,73.78
2014-07-01,Brazil,-14.235,-51.9253,18.95,76.45
2014-07-01,United Kingdom,55.3781,-3.436,21.39,62.16
2014-07-01,Germany,51.1657,10.4515,20.86,61.19
2014-07-01,India,20.5937,78.9629,33.85,52.56
2014-07-01,China,35.8617,104.1954,31.99,47.92
2014-07-01,Australia,-25.2744,133.7751,13.25,71.84
2014-07-01,South Africa,-30.5595,22.9375,9.44,82.89
2014-07-01,Russia,61.524,105.3188,19.05,66.61
2014-07-01,Japan,36.2048,138.2529,26.32,56.37
2014-07-01,Argentina,-38.4161,-63.6167,4.39,89.45
2014-07-01,France,46.2276,2.2137,19.93,73.61
2014-07-01,Italy,41.8719,12.5674,26.35,65.54
2014-07-01,Spain,40.4637,-3.7492,26.43,67.28
2014-07-01,Mexico,23.6345,-102.5528,29.46,62.04
2014-07-01,Indonesia,-0.7893,113.9213,24.82,57.69
2014-07-01,Nigeria,9.082,8.6753,30.71,57.85
2014-07-01,Egypt,26.8206,30.8025,31.19,52.96
2014-07-01,Saudi Arabia,23.8859,45.0792,40.86,43.55
2014-07-01,Sweden,60.1282,18.6435,20.18,70.49
2014-07-01,Norway,60.472,8.4689,17.34,72.26
2014-07-01,Chile,-35.6751,-71.543,4.32,87.65
2014-07-01,New Zealand,-40.9006,174.886,2.67,89.72
2014-08-01,United States,37.0902,-95.7129,25.92,57.62
2014-08-01,Canada,56.1304,-106.3468,11.97,71.93
2014-08-01,Brazil,-14.235,-51.9253,19.85,69.76
2014-08-01,United Kingdom,55.3781,-3.436,18.78,72.13
2014-08-01,Germany,51.1657,10.4515,20.57,65.37
2014-08-01,India,20.5937,78.9629,32.31,57.63
2014-08-01,China,35.8617,104.1954,30.35,53.37
2014-08-01,Australia,-25.2744,133.7751,14.22,76.05
2014-08-01,South Africa,-30.5595,22.9375,10.40,80.52
2014-08-01,Russia,61.524,105.3188,16.81,74.66
2014-08-01,Japan,36.2048,138.2529,26.42,58.65
2014-08-01,Argentina,-38.4161,-63.6167,6.31,81.24
2014-08-01,France,46.2276,2.2137,19.15,69.37
2014-08-01,Italy,41.8719,12.5674,25.55,63.10
2014-08-01,Spain,40.4637,-3.7492,24.76,55.99
2014-08-01,Mexico,23.6345,-102.5528,27.41,53.90
2014-08-01,Indonesia,-0.7893,113.9213,25.76,64.71
2014-08-01,Nigeria,9.082,8.6753,30.25,63.37
2014-08-01,Egypt,26.8206,30.8025,29.65,63.67
2014-08-01,Saudi Arabia,23.8859,45.0792,37.15,51.76
2014-08-01,Sweden,60.1282,18.6435,17.66,75.08
2014-08-01,Norway,60.472,8.4689,14.85,77.40
2014-08-01,Chile,-35.6751,-71.543,5.26,92.68
2014-08-01,New Zealand,-40.9006,174.886,4.08,81.10
2014-09-01,United States,37.0902,-95.7129,18.51,76.91
2014-09-01,Canada,56.1304,-106.3468,6.32,87.58
2014-09-01,Brazil,-14.235,-51.9253,23.84,59.37
2014-09-01,United Kingdom,55.3781,-3.436,15.13,75.71
2014-09-01,Germany,51.1657,10.4515,14.82,80.53
2014-09-01,India,20.5937,78.9629,28.14,63.51
2014-09-01,China,35.8617,104.1954,22.95,70.81
2014-09-01,Australia,-25.2744,133.7751,17.44,71.79
2014-09-01,South Africa,-30.5595,22.9375,14.73,81.49
2014-09-01,Russia,61.524,105.3188,6.80,77.60
2014-09-01,Japan,36.2048,138.2529,20.35,66.45
2014-09-01,Argentina,-38.4161,-63.6167,9.66,79.00
2014-09-01,France,46.2276,2.2137,15.27,67.89
2014-09-01,Italy,41.8719,12.5674,19.09,68.16
2014-09-01,Spain,40.4637,-3.7492,21.01,74.74
2014-09-01,Mexico,23.6345,-102.5528,25.14,60.93
2014-09-01,Indonesia,-0.7893,113.9213,25.24,60.61
2014-09-01,Nigeria,9.082,8.6753,29.39,51.82
2014-09-01,Egypt,26.8206,30.8025,26.58,66.36
2014-09-01,Saudi Arabia,23.8859,45.0792,33.23,47.48
2014-09-01,Sweden,60.1282,18.6435,11.89,82.99
2014-09-01,Norway,60.472,8.4689,8.96,75.40
2014-09-01,Chile,-35.6751,-71.543,9.09,88.21
2014-09-01,New Zealand,-40.9006,174.886,6.62,85.83
2014-10-01,United States,37.0902,-95.7129,11.34,86.34
2014-10-01,Canada,56.1304,-106.3468,-6.03,96.94
2014-10-01,Brazil,-14.235,-51.9253,24.50,60.44
2014-10-01,United Kingdom,55.3781,-3.436,9.11,83.89
2014-10-01,Germany,51.1657,10.4515,9.04,80.64
2014-10-01,India,20.5937,78.9629,22.95,71.88
2014-10-01,China,35.8617,104.1954,14.85,75.38
2014-10-01,Australia,-25.2744,133.7751,21.99,67.51
2014-10-01,South Africa,-30.5595,22.9375,18.15,64.44
2014-10-01,Russia,61.524,105.3188,-6.01,94.37
2014-10-01,Japan,36.2048,138.2529,14.11,73.06
2014-10-01,Argentina,-38.4161,-63.6167,13.05,82.79
2014-10-01,France,46.2276,2.2137,10.80,82.09
2014-10-01,Italy,41.8719,12.5674,14.08,73.81
2014-10-01,Spain,40.4637,-3.7492,15.26,68.83
2014-10-01,Mexico,23.6345,-102.5528,21.74,59.73
2014-10-01,Indonesia,-0.7893,113.9213,27.57,53.34
2014-10-01,Nigeria,9.082,8.6753,28.12,64.20
2014-10-01,Egypt,26.8206,30.8025,21.41,62.28
2014-10-01,Saudi Arabia,23.8859,45.0792,24.25,67.03
2014-10-01,Sweden,60.1282,18.6435,3.94,88.76
2014-10-01,Norway,60.472,8.4689,3.05,83.41
2014-10-01,Chile,-35.6751,-71.543,13.35,75.13
2014-10-01,New Zealand,-40.9006,174.886,11.53,82.42
2014-11-01,United States,37.0902,-95.7129,3.43,85.04
2014-11-01,Canada,56.1304,-106.3468,-13.82,100.00
2014-11-01,Brazil,-14.235,-51.9253,27.70,58.33
2014-11-01,United Kingdom,55.3781,-3.436,5.73,90.61
2014-11-01,Germany,51.1657,10.4515,4.15,94.44
2014-11-01,India,20.5937,78.9629,18.85,76.57
2014-11-01,China,35.8617,104.1954,4.42,83.36
2014-11-01,Australia,-25.2744,133.7751,25.97,56.33
2014-11-01,South Africa,-30.5595,22.9375,22.42,69.66
2014-11-01,Russia,61.524,105.3188,-17.93,100.00
2014-11-01,Japan,36.2048,138.2529,9.84,79.61
2014-11-01,Argentina,-38.4161,-63.6167,18.02,67.08
2014-11-01,France,46.2276,2.2137,5.62,81.61
2014-11-01,Italy,41.8719,12.5674,7.22,86.66
2014-11-01,Spain,40.4637,-3.7492,8.17,78.48
2014-11-01,Mexico,23.6345,-102.5528,17.03,66.13
2014-11-01,Indonesia,-0.7893,113.9213,28.42,61.60
2014-11-01,Nigeria,9.082,8.6753,25.92,56.73
2014-11-01,Egypt,26.8206,30.8025,17.14,69.74
2014-11-01,Saudi Arabia,23.8859,45.0792,17.88,71.86
2014-11-01,Sweden,60.1282,18.6435,-7.08,100.00
2014-11-01,Norway,60.472,8.4689,-6.47,93.97
2014-11-01,Chile,-35.6751,-71.543,14.96,74.94
2014-11-01,New Zealand,-40.9006,174.886,14.90,77.55
2014-12-01,United States,37.0902,-95.7129,-1.99,99.52
2014-12-01,Canada,56.1304,-106.3468,-21.10,100.00
2014-12-01,Brazil,-14.235,-51.9253,30.55,56.20
2014-12-01,United Kingdom,55.3781,-3.436,0.30,89.39
2014-12-01,Germany,51.1657,10.4515,-1.41,88.44
2014-12-01,India,20.5937,78.9629,14.45,78.64
2014-12-01,China,35.8617,104.1954,-1.30,88.15
2014-12-01,Australia,-25.2744,133.7751,29.69,58.16
2014-12-01,South Africa,-30.5595,22.9375,25.73,62.04
2014-12-01,Russia,61.524,105.3188,-26.22,100.00
2014-12-01,Japan,36.2048,138.2529,5.66,90.76
2014-12-01,Argentina,-38.4161,-63.6167,21.60,60.72
2014-12-01,France,46.2276,2.2137,2.97,95.33
2014-12-01,Italy,41.8719,12.5674,2.94,90.80
2014-12-01,Spain,40.4637,-3.7492,5.61,82.90
2014-12-01,Mexico,23.6345,-102.5528,13.24,70.28
2014-12-01,Indonesia,-0.7893,113.9213,28.72,56.19
2014-12-01,Nigeria,9.082,8.6753,22.67,68.32
2014-12-01,Egypt,26.8206,30.8025,13.68,80.16
2014-12-01,Saudi Arabia,23.8859,45.0792,12.52,80.41
2014-12-01,Sweden,60.1282,18.6435,-12.21,100.00
2014-12-01,Norway,60.472,8.4689,-11.12,100.00
2014-12-01,Chile,-35.6751,-71.543,19.15,74.44
2014-12-01,New Zealand,-40.9006,174.886,18.41,65.89
2015-01-01,United States,37.0902,-95.7129,-1.96,100.00
2015-01-01,Canada,56.1304,-106.3468,-25.74,100.00
2015-01-01,Brazil,-14.235,-51.9253,28.97,65.50
2015-01-01,United Kingdom,55.3781,-3.436,0.06,93.68
2015-01-01,Germany,51.1657,10.4515,-3.69,96.62
2015-01-01,India,20.5937,78.9629,14.14,80.74
2015-01-01,China,35.8617,104.1954,-3.28,95.51
2015-01-01,Australia,-25.2744,133.7751,32.29,58.07
2015-01-01,South Africa,-30.5595,22.9375,26.59,65.83
2015-01-01,Russia,61.524,105.3188,-29.34,100.00
2015-01-01,Japan,36.2048,138.2529,2.38,97.25
2015-01-01,Argentina,-38.4161,-63.6167,24.78,70.74
2015-01-01,France,46.2276,2.2137,0.42,86.49
2015-01-01,Italy,41.8719,12.5674,2.94,90.04
2015-01-01,Spain,40.4637,-3.7492,3.71,84.51
2015-01-01,Mexico,23.6345,-102.5528,12.69,73.21
2015-01-01,Indonesia,-0.7893,113.9213,29.84,56.77
2015-01-01,Nigeria,9.082,8.6753,23.87,63.17
2015-01-01,Egypt,26.8206,30.8025,12.58,73.89
2015-01-01,Saudi Arabia,23.8859,45.0792,9.92,82.34
2015-01-01,Sweden,60.1282,18.6435,-15.72,100.00
2015-01-01,Norway,60.472,8.4689,-12.51,100.00
2015-01-01,Chile,-35.6751,-71.543,21.40,72.49
2015-01-01,New Zealand,-40.9006,174.886,20.26,72.18
2015-02-01,United States,37.0902,-95.7129,-2.01,91.20
2015-02-01,Canada,56.1304,-106.3468,-22.99,100.00
2015-02-01,Brazil,-14.235,-51.9253,29.53,63.56
2015-02-01,United Kingdom,55.3781,-3.436,1.87,86.11
2015-02-01,Germany,51.1657,10.4515,-2.15,93.64
2015-02-01,India,20.5937,78.9629,15.88,68.96
2015-02-01,China,35.8617,104.1954,-1.35,97.76
2015-02-01,Australia,-25.2744,133.7751,30.04,62.72
2015-02-01,South Africa,-30.5595,22.9375,24.41,66.39
2015-02-01,Russia,61.524,105.3188,-26.94,100.00
2015-02-01,Japan,36.2048,138.2529,3.82,87.55
2015-02-01,Argentina,-38.4161,-63.6167,22.11,63.38
2015-02-01,France,46.2276,2.2137,3.21,91.69
2015-02-01,Italy,41.8719,12.5674,4.40,81.35
2015-02-01,Spain,40.4637,-3.7492,4.75,87.93
2015-02-01,Mexico,23.6345,-102.5528,13.16,78.06
2015-02-01,Indonesia,-0.7893,113.9213,28.07,56.31
2015-02-01,Nigeria,9.082,8.6753,23.78,63.20
2015-02-01,Egypt,26.8206,30.8025,14.39,72.80
2015-02-01,Saudi Arabia,23.8859,45.0792,11.79,80.41
2015-02-01,Sweden,60.1282,18.6435,-12.97,100.00
2015-02-01,Norway,60.472,8.4689,-11.13,100.00
2015-02-01,Chile,-35.6751,-71.543,19.06,68.50
2015-02-01,New Zealand,-40.9006,174.886,18.31,72.90
2015-03-01,United States,37.0902,-95.7129,5.30,80.23
2015-03-01,Canada,56.1304,-106.3468,-15.59,100.00
2015-03-01,Brazil,-14.235,-51.9253,28.40,52.27
2015-03-01,United Kingdom,55.3781,-3.436,4.04,84.63
2015-03-01,Germany,51.1657,10.4515,3.97,94.43
2015-03-01,India,20.5937,78.9629,18.71,75.57
2015-03-01,China,35.8617,104.1954,5.36,91.47
2015-03-01,Australia,-25.2744,133.7751,26.97,66.70
2015-03-01,South Africa,-30.5595,22.9375,22.16,61.25
2015-03-01,Russia,61.524,105.3188,-17.49,100.00
2015-03-01,Japan,36.2048,138.2529,8.28,88.04
2015-03-01,Argentina,-38.4161,-63.6167,19.98,74.82
2015-03-01,France,46.2276,2.2137,4.98,86.82
2015-03-01,Italy,41.8719,12.5674,8.97,85.77
2015-03-01,Spain,40.4637,-3.7492,8.43,80.83
2015-03-01,Mexico,23.6345,-102.5528,18.07,72.12
2015-03-01,Indonesia,-0.7893,113.9213,27.83,52.91
2015-03-01,Nigeria,9.082,8.6753,24.33,62.81
2015-03-01,Egypt,26.8206,30.8025,16.82,73.42
2015-03-01,Saudi Arabia,23.8859,45.0792,18.03,75.39
2015-03-01,Sweden,60.1282,18.6435,-5.88,100.00
2015-03-01,Norway,60.472,8.4689,-4.44,100.00
2015-03-01,Chile,-35.6751,-71.543,15.78,75.68
2015-03-01,New Zealand,-40.9006,174.886,15.82,78.96
2015-04-01,United States,37.0902,-95.7129,13.07,71.72
2015-04-01,Canada,56.1304,-106.3468,-5.76,93.04
2015-04-01,Brazil,-14.235,-51.9253,25.33,66.42
2015-04-01,United Kingdom,55.3781,-3.436,11.09,78.55
2015-04-01,Germany,51.1657,10.4515,8.86,77.60
2015-04-01,India,20.5937,78.9629,25.36,63.04
2015-04-01,China,35.8617,104.1954,14.77,77.65
2015-04-01,Australia,-25.2744,133.7751,22.41,65.79
2015-04-01,South Africa,-30.5595,22.9375,17.02,69.28
2015-04-01,Russia,61.524,105.3188,-5.51,95.35
2015-04-01,Japan,36.2048,138.2529,14.04,83.59
2015-04-01,Argentina,-38.4161,-63.6167,14.16,69.05
2015-04-01,France,46.2276,2.2137,10.96,73.76
2015-04-01,Italy,41.8719,12.5674,13.39,76.54
2015-04-01,Spain,40.4637,-3.7492,14.97,67.78
2015-04-01,Mexico,23.6345,-102.5528,22.01,73.39
2015-04-01,Indonesia,-0.7893,113.9213,28.43,54.32
2015-04-01,Nigeria,9.082,8.6753,27.41,67.22
2015-04-01,Egypt,26.8206,30.8025,21.70,72.70
2015-04-01,Saudi Arabia,23.8859,45.0792,25.57,62.95
2015-04-01,Sweden,60.1282,18.6435,2.42,94.91
2015-04-01,Norway,60.472,8.4689,1.07,87.13
2015-04-01,Chile,-35.6751,-71.543,12.71,83.30
2015-04-01,New Zealand,-40.9006,174.886,10.08,77.52
2015-05-01,United States,37.0902,-95.7129,18.98,66.78
2015-05-01,Canada,56.1304,-106.3468,4.39,90.33
2015-05-01,Brazil,-14.235,-51.9253,21.66,66.11
2015-05-01,United Kingdom,55.3781,-3.436,14.07,80.57
2015-05-01,Germany,51.1657,10.4515,14.45,77.58
2015-05-01,India,20.5937,78.9629,28.15,65.69
2015-05-01,China,35.8617,104.1954,24.09,68.16
2015-05-01,Australia,-25.2744,133.7751,18.39,76.20
2015-05-01,South Africa,-30.5595,22.9375,13.44,77.37
2015-05-01,Russia,61.524,105.3188,8.58,82.09
2015-05-01,Japan,36.2048,138.2529,22.33,59.63
2015-05-01,Argentina,-38.4161,-63.6167,9.55,79.45
2015-05-01,France,46.2276,2.2137,16.62,70.01
2015-05-01,Italy,41.8719,12.5674,21.32,67.61
2015-05-01,Spain,40.4637,-3.7492,20.02,71.31
2015-05-01,Mexico,23.6345,-102.5528,26.40,60.33
2015-05-01,Indonesia,-0.7893,113.9213,25.44,64.04
2015-05-01,Nigeria,9.082,8.6753,28.56,60.92
2015-05-01,Egypt,26.8206,30.8025,27.47,63.91
2015-05-01,Saudi Arabia,23.8859,45.0792,31.50,51.00
2015-05-01,Sweden,60.1282,18.6435,13.12,80.07
2015-05-01,Norway,60.472,8.4689,9.57,78.93
2015-05-01,Chile,-35.6751,-71.543,7.60,84.13
2015-05-01,New Zealand,-40.9006,174.886,8.01,85.08
2015-06-01,United States,37.0902,-95.7129,25.60,59.94
2015-06-01,Canada,56.1304,-106.3468,12.60,83.49
2015-06-01,Brazil,-14.235,-51.9253,19.64,69.22
2015-06-01,United Kingdom,55.3781,-3.436,19.68,65.47
2015-06-01,Germany,51.1657,10.4515,18.93,72.62
2015-06-01,India,20.5937,78.9629,33.93,56.44
2015-06-01,China,35.8617,104.1954,30.98,61.48
2015-06-01,Australia,-25.2744,133.7751,13.70,70.13
2015-06-01,South Africa,-30.5595,22.9375,10.87,72.82
2015-06-01,Russia,61.524,105.3188,16.18,80.13
2015-06-01,Japan,36.2048,138.2529,24.82,68.92
2015-06-01,Argentina,-38.4161,-63.6167,5.91,93.20
2015-06-01,France,46.2276,2.2137,19.34,72.00
2015-06-01,Italy,41.8719,12.5674,24.65,62.07
2015-06-01,Spain,40.4637,-3.7492,25.47,56.89
2015-06-01,Mexico,23.6345,-102.5528,26.92,67.82
2015-06-01,Indonesia,-0.7893,113.9213,25.89,57.89
2015-06-01,Nigeria,9.082,8.6753,30.40,63.26
2015-06-01,Egypt,26.8206,30.8025,31.83,50.63
2015-06-01,Saudi Arabia,23.8859,45.0792,37.54,44.86
2015-06-01,Sweden,60.1282,18.6435,19.66,74.80
2015-06-01,Norway,60.472,8.4689,14.37,70.16
2015-06-01,Chile,-35.6751,-71.543,4.03,87.93
2015-06-01,New Zealand,-40.9006,174.886,5.15,82.19
2015-07-01,United States,37.0902,-95.7129,27.05,67.40
2015-07-01,Canada,56.1304,-106.3468,14.94,74.61
2015-07-01,Brazil,-14.235,-51.9253,21.00,74.12
2015-07-01,United Kingdom,55.3781,-3.436,21.26,68.58
2015-07-01,Germany,51.1657,10.4515,22.35,62.35
2015-07-01,India,20.5937,78.9629,32.97,55.52
2015-07-01,China,35.8617,104.1954,32.86,51.55
2015-07-01,Australia,-25.2744,133.7751,12.77,79.52
2015-07-01,South Africa,-30.5595,22.9375,9.46,88.01
2015-07-01,Russia,61.524,105.3188,19.20,64.40
2015-07-01,Japan,36.2048,138.2529,27.83,58.54
2015-07-01,Argentina,-38.4161,-63.6167,3.58,94.12
2015-07-01,France,46.2276,2.2137,21.92,70.42
2015-07-01,Italy,41.8719,12.5674,26.09,63.68
2015-07-01,Spain,40.4637,-3.7492,26.16,62.97
2015-07-01,Mexico,23.6345,-102.5528,29.54,58.09
2015-07-01,Indonesia,-0.7893,113.9213,26.42,68.16
2015-07-01,Nigeria,9.082,8.6753,31.02,59.27
2015-07-01,Egypt,26.8206,30.8025,31.31,56.91
2015-07-01,Saudi Arabia,23.8859,45.0792,40.72,50.72
2015-07-01,Sweden,60.1282,18.6435,21.10,65.71
2015-07-01,Norway,60.472,8.4689,17.61,74.12
2015-07-01,Chile,-35.6751,-71.543,3.02,86.64
2015-07-01,New Zealand,-40.9006,174.886,3.14,92.58
2015-08-01,United States,37.0902,-95.7129,25.43,64.75
2015-08-01,Canada,56.1304,-106.3468,12.80,72.25
2015-08-01,Brazil,-14.235,-51.9253,21.50,60.90
2015-08-01,United Kingdom,55.3781,-3.436,19.35,74.53
2015-08-01,Germany,51.1657,10.4515,20.83,72.30
2015-08-01,India,20.5937,78.9629,32.40,56.17
2015-08-01,China,35.8617,104.1954,29.09,56.94
2015-08-01,Australia,-25.2744,133.7751,13.60,74.47
2015-08-01,South Africa,-30.5595,22.9375,11.72,79.94
2015-08-01,Russia,61.524,105.3188,16.40,67.71
2015-08-01,Japan,36.2048,138.2529,25.04,64.83
2015-08-01,Argentina,-38.4161,-63.6167,6.18,91.87
2015-08-01,France,46.2276,2.2137,19.33,72.54
2015-08-01,Italy,41.8719,12.5674,24.91,66.92
2015-08-01,Spain,40.4637,-3.7492,25.81,61.43
2015-08-01,Mexico,23.6345,-102.5528,27.20,59.20
2015-08-01,Indonesia,-0.7893,113.9213,25.18,67.70
2015-08-01,Nigeria,9.082,8.6753,30.39,58.88
2015-08-01,Egypt,26.8206,30.8025,31.01,54.83
2015-08-01,Saudi Arabia,23.8859,45.0792,37.89,51.46
2015-08-01,Sweden,60.1282,18.6435,19.20,74.43
2015-08-01,Norway,60.472,8.4689,14.68,72.87
2015-08-01,Chile,-35.6751,-71.543,5.14,80.84
2015-08-01,New Zealand,-40.9006,174.886,3.19,82.27
2015-09-01,United States,37.0902,-95.7129,19.04,70.33
2015-09-01,Canada,56.1304,-106.3468,4.64,81.58
2015-09-01,Brazil,-14.235,-51.9253,23.27,70.11
2015-09-01,United Kingdom,55.3781,-3.436,14.77,81.72
2015-09-01,Germany,51.1657,10.4515,15.90,70.69
2015-09-01,India,20.5937,78.9629,28.22,64.03
2015-09-01,China,35.8617,104.1954,24.24,57.05
2015-09-01,Australia,-25.2744,133.7751,18.08,67.49
2015-09-01,South Africa,-30.5595,22.9375,15.34,72.78
2015-09-01,Russia,61.524,105.3188,8.62,83.62
2015-09-01,Japan,36.2048,138.2529,21.19,62.25
2015-09-01,Argentina,-38.4161,-63.6167,8.05,84.85
2015-09-01,France,46.2276,2.2137,16.53,73.86
2015-09-01,Italy,41.8719,12.5674,19.68,62.32
2015-09-01,Spain,40.4637,-3.7492,21.79,65.07
2015-09-01,Mexico,23.6345,-102.5528,26.27,62.08
2015-09-01,Indonesia,-0.7893,113.9213,26.93,64.04
2015-09-01,Nigeria,9.082,8.6753,28.37,62.41
2015-09-01,Egypt,26.8206,30.8025,26.75,60.36
2015-09-01,Saudi Arabia,23.8859,45.0792,31.82,47.76
2015-09-01,Sweden,60.1282,18.6435,10.97,82.92
2015-09-01,Norway,60.472,8.4689,10.31,79.19
2015-09-01,Chile,-35.6751,-71.543,9.00,89.63
2015-09-01,New Zealand,-40.9006,174.886,7.97,89.15
2015-10-01,United States,37.0902,-95.7129,10.98,82.27
2015-10-01,Canada,56.1304,-106.3468,-5.98,94.82
2015-10-01,Brazil,-14.235,-51.9253,24.15,67.04
2015-10-01,United Kingdom,55.3781,-3.436,10.04,83.86
2015-10-01,Germany,51.1657,10.4515,9.07,75.01
2015-10-01,India,20.5937,78.9629,25.44,55.04
2015-10-01,China,35.8617,104.1954,13.67,81.78
2015-10-01,Australia,-25.2744,133.7751,22.46,65.40
2015-10-01,South Africa,-30.5595,22.9375,17.31,72.12
2015-10-01,Russia,61.524,105.3188,-5.81,92.58
2015-10-01,Japan,36.2048,138.2529,13.99,73.37
2015-10-01,Argentina,-38.4161,-63.6167,13.48,75.89
2015-10-01,France,46.2276,2.2137,12.29,73.45
2015-10-01,Italy,41.8719,12.5674,14.31,81.36
2015-10-01,Spain,40.4637,-3.7492,16.36,79.86
2015-10-01,Mexico,23.6345,-102.5528,20.62,75.06
2015-10-01,Indonesia,-0.7893,113.9213,26.51,67.59
2015-10-01,Nigeria,9.082,8.6753,28.31,64.91
2015-10-01,Egypt,26.8206,30.8025,22.43,62.68
2015-10-01,Saudi Arabia,23.8859,45.0792,24.17,66.65
2015-10-01,Sweden,60.1282,18.6435,3.08,83.88
2015-10-01,Norway,60.472,8.4689,1.55,86.77
2015-10-01,Chile,-35.6751,-71.543,12.35,80.57
2015-10-01,New Zealand,-40.9006,174.886,12.00,78.92
2015-11-01,United States,37.0902,-95.7129,4.84,86.40
2015-11-01,Canada,56.1304,-106.3468,-13.99,100.00
2015-11-01,Brazil,-14.235,-51.9253,26.90,57.00
2015-11-01,United Kingdom,55.3781,-3.436,6.01,86.38
2015-11-01,Germany,51.1657,10.4515,3.81,86.71
2015-11-01,India,20.5937,78.9629,20.32,71.26
2015-11-01,China,35.8617,104.1954,5.68,85.33
2015-11-01,Australia,-25.2744,133.7751,28.07,65.94
2015-11-01,South Africa,-30.5595,22.9375,21.54,74.20
2015-11-01,Russia,61.524,105.3188,-18.47,100.00
2015-11-01,Japan,36.2048,138.2529,9.45,83.64
2015-11-01,Argentina,-38.4161,-63.6167,18.78,69.65
2015-11-01,France,46.2276,2.2137,5.28,89.45
2015-11-01,Italy,41.8719,12.5674,8.45,75.70
2015-11-01,Spain,40.4637,-3.7492,8.37,87.47
2015-11-01,Mexico,23.6345,-102.5528,16.37,66.19
2015-11-01,Indonesia,-0.7893,113.9213,28.98,55.16
2015-11-01,Nigeria,9.082,8.6753,25.90,68.36
2015-11-01,Egypt,26.8206,30.8025,17.73,76.56
2015-11-01,Saudi Arabia,23.8859,45.0792,16.85,79.56
2015-11-01,Sweden,60.1282,18.6435,-5.18,97.02
2015-11-01,Norway,60.472,8.4689,-6.42,99.74
2015-11-01,Chile,-35.6751,-71.543,16.50,79.16
2015-11-01,New Zealand,-40.9006,174.886,14.74,82.42
2015-12-01,United States,37.0902,-95.7129,0.35,98.32
2015-12-01,Canada,56.1304,-106.3468,-22.31,100.00
2015-12-01,Brazil,-14.235,-51.9253,28.45,53.47
2015-12-01,United Kingdom,55.3781,-3.436,0.62,93.14
2015-12-01,Germany,51.1657,10.4515,-0.04,92.21
2015-12-01,India,20.5937,78.9629,16.22,78.74
2015-12-01,China,35.8617,104.1954,-0.90,95.56
2015-12-01,Australia,-25.2744,133.7751,31.65,49.63
2015-12-01,South Africa,-30.5595,22.9375,26.17,65.94
2015-12-01,Russia,61.524,105.3188,-27.38,100.00
2015-12-01,Japan,36.2048,138.2529,4.21,80.46
2015-12-01,Argentina,-38.4161,-63.6167,24.05,62.18
2015-12-01,France,46.2276,2.2137,2.79,93.78
2015-12-01,Italy,41.8719,12.5674,2.73,88.81
2015-12-01,Spain,40.4637,-3.7492,5.23,82.53
2015-12-01,Mexico,23.6345,-102.5528,15.32,73.20
2015-12-01,Indonesia,-0.7893,113.9213,30.02,54.33
2015-12-01,Nigeria,9.082,8.6753,22.57,58.58
2015-12-01,Egypt,26.8206,30.8025,13.92,80.74
2015-12-01,Saudi Arabia,23.8859,45.0792,13.33,72.60
2015-12-01,Sweden,60.1282,18.6435,-11.50,100.00
2015-12-01,Norway,60.472,8.4689,-9.97,100.00
2015-12-01,Chile,-35.6751,-71.543,19.28,74.71
2015-12-01,New Zealand,-40.9006,174.886,18.04,69.72
2016-01-01,United States,37.0902,-95.7129,-2.84,100.00
2016-01-01,Canada,56.1304,-106.3468,-24.41,100.00
2016-01-01,Brazil,-14.235,-51.9253,29.44,57.23
2016-01-01,United Kingdom,55.3781,-3.436,-0.10,97.16
2016-01-01,Germany,51.1657,10.4515,-2.14,100.00
2016-01-01,India,20.5937,78.9629,15.47,80.31
2016-01-01,China,35.8617,104.1954,-2.52,100.00
2016-01-01,Australia,-25.2744,133.7751,31.52,55.31
2016-01-01,South Africa,-30.5595,22.9375,25.25,63.95
2016-01-01,Russia,61.524,105.3188,-29.66,100.00
2016-01-01,Japan,36.2048,138.2529,4.47,83.83
2016-01-01,Argentina,-38.4161,-63.6167,25.01,69.60
2016-01-01,France,46.2276,2.2137,0.43,98.16
2016-01-01,Italy,41.8719,12.5674,2.76,86.19
2016-01-01,Spain,40.4637,-3.7492,3.97,89.85
2016-01-01,Mexico,23.6345,-102.5528,14.18,69.52
2016-01-01,Indonesia,-0.7893,113.9213,29.37,50.82
2016-01-01,Nigeria,9.082,8.6753,23.17,68.93
2016-01-01,Egypt,26.8206,30.8025,12.27,81.35
2016-01-01,Saudi Arabia,23.8859,45.0792,10.46,76.73
2016-01-01,Sweden,60.1282,18.6435,-14.29,100.00
2016-01-01,Norway,60.472,8.4689,-12.16,100.00
2016-01-01,Chile,-35.6751,-71.543,20.06,75.64
2016-01-01,New Zealand,-40.9006,174.886,19.98,65.52
2016-02-01,United States,37.0902,-95.7129,0.03,88.37
2016-02-01,Canada,56.1304,-106.3468,-21.35,100.00
2016-02-01,Brazil,-14.235,-51.9253,28.79,59.36
2016-02-01,United Kingdom,55.3781,-3.436,2.06,85.16
2016-02-01,Germany,51.1657,10.4515,-1.88,91.22
2016-02-01,India,20.5937,78.9629,14.95,68.03
2016-02-01,China,35.8617,104.1954,-1.79,99.17
2016-02-01,Australia,-25.2744,133.7751,31.95,54.54
2016-02-01,South Africa,-30.5595,22.9375,25.99,55.81
2016-02-01,Russia,61.524,105.3188,-26.95,100.00
2016-02-01,Japan,36.2048,138.2529,6.07,82.11
2016-02-01,Argentina,-38.4161,-63.6167,23.66,60.00
2016-02-01,France,46.2276,2.2137,3.25,95.18
2016-02-01,Italy,41.8719,12.5674,4.63,93.51
2016-02-01,Spain,40.4637,-3.7492,3.80,83.45
2016-02-01,Mexico,23.6345,-102.5528,15.53,81.82
2016-02-01,Indonesia,-0.7893,113.9213,30.05,57.98
2016-02-01,Nigeria,9.082,8.6753,24.37,63.62
2016-02-01,Egypt,26.8206,30.8025,12.33,75.10
2016-02-01,Saudi Arabia,23.8859,45.0792,13.34,76.54
2016-02-01,Sweden,60.1282,18.6435,-12.73,100.00
2016-02-01,Norway,60.472,8.4689,-11.83,100.00
2016-02-01,Chile,-35.6751,-71.543,20.14,71.44
2016-02-01,New Zealand,-40.9006,174.886,18.23,69.79
2016-03-01,United States,37.0902,-95.7129,5.60,80.06
2016-03-01,Canada,56.1304,-106.3468,-15.46,100.00
2016-03-01,Brazil,-14.235,-51.9253,27.57,65.61
2016-03-01,United Kingdom,55.3781,-3.436,4.54,82.47
2016-03-01,Germany,51.1657,10.4515,3.38,87.73
2016-03-01,India,20.5937,78.9629,19.82,62.22
2016-03-01,China,35.8617,104.1954,4.23,86.68
2016-03-01,Australia,-25.2744,133.7751,27.10,67.39
2016-03-01,South Africa,-30.5595,22.9375,22.04,63.88
2016-03-01,Russia,61.524,105.3188,-16.95,100.00
2016-03-01,Japan,36.2048,138.2529,9.70,82.21
2016-03-01,Argentina,-38.4161,-63.6167,18.76,63.50
2016-03-01,France,46.2276,2.2137,5.83,84.90
2016-03-01,Italy,41.8719,12.5674,7.85,82.74
2016-03-01,Spain,40.4637,-3.7492,9.41,83.23
2016-03-01,Mexico,23.6345,-102.5528,18.39,65.66
2016-03-01,Indonesia,-0.7893,113.9213,28.10,64.67
2016-03-01,Nigeria,9.082,8.6753,25.84,60.99
2016-03-01,Egypt,26.8206,30.8025,17.12,77.87
2016-03-01,Saudi Arabia,23.8859,45.0792,16.51,70.70
2016-03-01,Sweden,60.1282,18.6435,-4.57,95.14
2016-03-01,Norway,60.472,8.4689,-4.83,96.41
2016-03-01,Chile,-35.6751,-71.543,15.09,79.33
2016-03-01,New Zealand,-40.9006,174.886,16.22,72.01
2016-04-01,United States,37.0902,-95.7129,13.42,74.77
2016-04-01,Canada,56.1304,-106.3468,-4.54,97.30
2016-04-01,Brazil,-14.235,-51.9253,24.54,63.83
2016-04-01,United Kingdom,55.3781,-3.436,10.63,78.13
2016-04-01,Germany,51.1657,10.4515,9.23,86.02
2016-04-01,India,20.5937,78.9629,25.22,59.08
2016-04-01,China,35.8617,104.1954,13.61,77.04
2016-04-01,Australia,-25.2744,133.7751,22.13,71.34
2016-04-01,South Africa,-30.5595,22.9375,18.19,64.42
2016-04-01,Russia,61.524,105.3188,-3.79,96.63
2016-04-01,Japan,36.2048,138.2529,15.05,78.54
2016-04-01,Argentina,-38.4161,-63.6167,13.69,76.34
2016-04-01,France,46.2276,2.2137,10.30,80.97
2016-04-01,Italy,41.8719,12.5674,13.86,80.85
2016-04-01,Spain,40.4637,-3.7492,15.06,72.26
2016-04-01,Mexico,23.6345,-102.5528,22.22,61.47
2016-04-01,Indonesia,-0.7893,113.9213,27.18,54.85
2016-04-01,Nigeria,9.082,8.6753,26.50,57.61
2016-04-01,Egypt,26.8206,30.8025,21.93,59.63
2016-04-01,Saudi Arabia,23.8859,45.0792,25.89,57.08
2016-04-01,Sweden,60.1282,18.6435,2.23,83.08
2016-04-01,Norway,60.472,8.4689,3.20,90.46
2016-04-01,Chile,-35.6751,-71.543,13.45,73.10
2016-04-01,New Zealand,-40.9006,174.886,12.17,83.85
2016-05-01,United States,37.0902,-95.7129,19.91,68.09
2016-05-01,Canada,56.1304,-106.3468,6.35,78.19
2016-05-01,Brazil,-14.235,-51.9253,22.25,71.16
2016-05-01,United Kingdom,55.3781,-3.436,14.85,76.99
2016-05-01,Germany,51.1657,10.4515,14.74,74.23
2016-05-01,India,20.5937,78.9629,28.79,56.99
2016-05-01,China,35.8617,104.1954,23.98,57.41
2016-05-01,Australia,-25.2744,133.7751,16.64,78.77
2016-05-01,South Africa,-30.5595,22.9375,13.96,75.12
2016-05-01,Russia,61.524,105.3188,7.34,88.10
2016-05-01,Japan,36.2048,138.2529,20.45,65.98
2016-05-01,Argentina,-38.4161,-63.6167,9.15,74.91
2016-05-01,France,46.2276,2.2137,16.69,65.99
2016-05-01,Italy,41.8719,12.5674,21.08,64.81
2016-05-01,Spain,40.4637,-3.7492,20.55,67.68
2016-05-01,Mexico,23.6345,-102.5528,24.09,60.84
2016-05-01,Indonesia,-0.7893,113.9213,26.83,53.40
2016-05-01,Nigeria,9.082,8.6753,28.30,63.38
2016-05-01,Egypt,26.8206,30.8025,26.30,58.86
2016-05-01,Saudi Arabia,23.8859,45.0792,31.50,51.95
2016-05-01,Sweden,60.1282,18.6435,12.06,71.95
2016-05-01,Norway,60.472,8.4689,10.56,82.90
2016-05-01,Chile,-35.6751,-71.543,8.48,76.51
2016-05-01,New Zealand,-40.9006,174.886,6.74,89.38
2016-06-01,United States,37.0902,-95.7129,25.10,56.96
2016-06-01,Canada,56.1304,-106.3468,11.62,84.39
2016-06-01,Brazil,-14.235,-51.9253,20.41,70.70
2016-06-01,United Kingdom,55.3781,-3.436,18.43,66.00
2016-06-01,Germany,51.1657,10.4515,20.49,65.92
2016-06-01,India,20.5937,78.9629,33.81,49.29
2016-06-01,China,35.8617,104.1954,31.02,49.85
2016-06-01,Australia,-25.2744,133.7751,14.75,74.55
2016-06-01,South Africa,-30.5595,22.9375,10.38,86.25
2016-06-01,Russia,61.524,105.3188,17.85,65.81
2016-06-01,Japan,36.2048,138.2529,26.41,58.31
2016-06-01,Argentina,-38.4161,-63.6167,5.74,83.55
2016-06-01,France,46.2276,2.2137,20.04,67.60
2016-06-01,Italy,41.8719,12.5674,25.76,59.51
2016-06-01,Spain,40.4637,-3.7492,25.52,58.34
2016-06-01,Mexico,23.6345,-102.5528,28.96,65.44
2016-06-01,Indonesia,-0.7893,113.9213,26.28,65.12
2016-06-01,Nigeria,9.082,8.6753,30.25,50.91
2016-06-01,Egypt,26.8206,30.8025,31.87,61.99
2016-06-01,Saudi Arabia,23.8859,45.0792,39.29,48.20
2016-06-01,Sweden,60.1282,18.6435,17.94,75.38
2016-06-01,Norway,60.472,8.4689,16.34,76.38
2016-06-01,Chile,-35.6751,-71.543,4.47,91.85
2016-06-01,New Zealand,-40.9006,174.886,3.62,93.30
2016-07-01,United States,37.0902,-95.7129,27.53,58.38
2016-07-01,Canada,56.1304,-106.3468,14.49,70.88
2016-07-01,Brazil,-14.235,-51.9253,19.88,71.58
2016-07-01,United Kingdom,55.3781,-3.436,20.14,68.77
2016-07-01,Germany,51.1657,10.4515,21.31,63.59
2016-07-01,India,20.5937,78.9629,33.44,49.49
2016-07-01,China,35.8617,104.1954,31.29,53.55
2016-07-01,Australia,-25.2744,133.7751,13.07,77.26
2016-07-01,South Africa,-30.5595,22.9375,10.80,73.36
2016-07-01,Russia,61.524,105.3188,19.02,65.18
2016-07-01,Japan,36.2048,138.2529,26.16,57.56
2016-07-01,Argentina,-38.4161,-63.6167,3.94,81.93
2016-07-01,France,46.2276,2.2137,21.40,62.02
2016-07-01,Italy,41.8719,12.5674,27.25,57.80
2016-07-01,Spain,40.4637,-3.7492,27.59,64.67
2016-07-01,Mexico,23.6345,-102.5528,29.53,59.37
2016-07-01,Indonesia,-0.7893,113.9213,25.99,58.07
2016-07-01,Nigeria,9.082,8.6753,32.12,47.85
2016-07-01,Egypt,26.8206,30.8025,31.86,59.77
2016-07-01,Saudi Arabia,23.8859,45.0792,40.58,45.44
2016-07-01,Sweden,60.1282,18.6435,20.14,65.21
2016-07-01,Norway,60.472,8.4689,16.08,73.17
2016-07-01,Chile,-35.6751,-71.543,5.39,84.00
2016-07-01,New Zealand,-40.9006,174.886,3.83,94.89
2016-08-01,United States,37.0902,-95.7129,25.00,57.80
2016-08-01,Canada,56.1304,-106.3468,13.07,71.39
2016-08-01,Brazil,-14.235,-51.9253,20.43,71.49
2016-08-01,United Kingdom,55.3781,-3.436,17.73,66.57
2016-08-01,Germany,51.1657,10.4515,20.23,63.41
2016-08-01,India,20.5937,78.9629,32.92,49.01
2016-08-01,China,35.8617,104.1954,29.00,63.64
2016-08-01,Australia,-25.2744,133.7751,14.37,83.10
2016-08-01,South Africa,-30.5595,22.9375,11.01,85.07
2016-08-01,Russia,61.524,105.3188,17.29,75.94
2016-08-01,Japan,36.2048,138.2529,25.44,62.05
2016-08-01,Argentina,-38.4161,-63.6167,5.13,79.80
2016-08-01,France,46.2276,2.2137,19.54,72.59
2016-08-01,Italy,41.8719,12.5674,23.86,58.10
2016-08-01,Spain,40.4637,-3.7492,25.71,56.43
2016-08-01,Mexico,23.6345,-102.5528,27.13,67.88
2016-08-01,Indonesia,-0.7893,113.9213,26.26,68.15
2016-08-01,Nigeria,9.082,8.6753,30.58,61.24
2016-08-01,Egypt,26.8206,30.8025,31.53,60.90
2016-08-01,Saudi Arabia,23.8859,45.0792,37.29,51.52
2016-08-01,Sweden,60.1282,18.6435,20.01,63.64
2016-08-01,Norway,60.472,8.4689,16.13,66.61
2016-08-01,Chile,-35.6751,-71.543,4.66,79.95
2016-08-01,New Zealand,-40.9006,174.886,4.86,87.05
2016-09-01,United States,37.0902,-95.7129,20.01,67.63
2016-09-01,Canada,56.1304,-106.3468,6.12,91.43
2016-09-01,Brazil,-14.235,-51.9253,22.84,70.12
2016-09-01,United Kingdom,55.3781,-3.436,15.03,75.99
2016-09-01,Germany,51.1657,10.4515,16.38,70.18
2016-09-01,India,20.5937,78.9629,30.13,53.33
2016-09-01,China,35.8617,104.1954,23.29,63.70
2016-09-01,Australia,-25.2744,133.7751,18.43,67.98
2016-09-01,South Africa,-30.5595,22.9375,14.79,80.13
2016-09-01,Russia,61.524,105.3188,7.36,89.80
2016-09-01,Japan,36.2048,138.2529,21.64,64.09
2016-09-01,Argentina,-38.4161,-63.6167,8.63,75.49
2016-09-01,France,46.2276,2.2137,16.92,69.53
2016-09-01,Italy,41.8719,12.5674,20.75,73.93
2016-09-01,Spain,40.4637,-3.7492,22.48,68.79
2016-09-01,Mexico,23.6345,-102.5528,26.10,54.20
2016-09-01,Indonesia,-0.7893,113.9213,26.03,66.44
2016-09-01,Nigeria,9.082,8.6753,29.44,64.85
2016-09-01,Egypt,26.8206,30.8025,26.02,67.20
2016-09-01,Saudi Arabia,23.8859,45.0792,33.32,51.66
2016-09-01,Sweden,60.1282,18.6435,13.10,77.73
2016-09-01,Norway,60.472,8.4689,8.61,79.26
2016-09-01,Chile,-35.6751,-71.543,7.58,86.17
2016-09-01,New Zealand,-40.9006,174.886,6.88,81.70
2016-10-01,United States,37.0902,-95.7129,11.54,72.49
2016-10-01,Canada,56.1304,-106.3468,-4.99,100.00
2016-10-01,Brazil,-14.235,-51.9253,25.11,60.56
2016-10-01,United Kingdom,55.3781,-3.436,9.43,85.01
2016-10-01,Germany,51.1657,10.4515,8.14,87.09
2016-10-01,India,20.5937,78.9629,24.72,68.72
2016-10-01,China,35.8617,104.1954,13.67,81.82
2016-10-01,Australia,-25.2744,133.7751,21.22,67.26
2016-10-01,South Africa,-30.5595,22.9375,17.05,66.67
2016-10-01,Russia,61.524,105.3188,-4.42,100.00
2016-10-01,Japan,36.2048,138.2529,15.25,69.61
2016-10-01,Argentina,-38.4161,-63.6167,15.40,69.20
2016-10-01,France,46.2276,2.2137,10.12,76.11
2016-10-01,Italy,41.8719,12.5674,13.06,78.21
2016-10-01,Spain,40.4637,-3.7492,15.23,74.91
2016-10-01,Mexico,23.6345,-102.5528,21.40,65.49
2016-10-01,Indonesia,-0.7893,113.9213,26.49,60.65
2016-10-01,Nigeria,9.082,8.6753,26.47,66.07
2016-10-01,Egypt,26.8206,30.8025,23.10,63.57
2016-10-01,Saudi Arabia,23.8859,45.0792,25.74,56.12
2016-10-01,Sweden,60.1282,18.6435,2.12,84.15
2016-10-01,Norway,60.472,8.4689,3.01,88.81
2016-10-01,Chile,-35.6751,-71.543,12.94,81.52
2016-10-01,New Zealand,-40.9006,174.886,10.16,79.96
2016-11-01,United States,37.0902,-95.7129,3.67,89.51
2016-11-01,Canada,56.1304,-106.3468,-13.60,100.00
2016-11-01,Brazil,-14.235,-51.9253,28.90,62.57
2016-11-01,United Kingdom,55.3781,-3.436,4.24,80.91
2016-11-01,Germany,51.1657,10.4515,4.26,91.68
2016-11-01,India,20.5937,78.9629,18.97,63.99
2016-11-01,China,35.8617,104.1954,6.36,84.32
2016-11-01,Australia,-25.2744,133.7751,27.46,59.75
2016-11-01,South Africa,-30.5595,22.9375,21.30,70.16
2016-11-01,Russia,61.524,105.3188,-16.78,100.00
2016-11-01,Japan,36.2048,138.2529,9.75,74.09
2016-11-01,Argentina,-38.4161,-63.6167,18.56,71.98
2016-11-01,France,46.2276,2.2137,5.27,81.88
2016-11-01,Italy,41.8719,12.5674,8.59,77.44
2016-11-01,Spain,40.4637,-3.7492,9.04,84.75
2016-11-01,Mexico,23.6345,-102.5528,16.30,70.55
2016-11-01,Indonesia,-0.7893,113.9213,28.06,62.51
2016-11-01,Nigeria,9.082,8.6753,24.97,58.92
2016-11-01,Egypt,26.8206,30.8025,16.22,73.46
2016-11-01,Saudi Arabia,23.8859,45.0792,17.20,72.95
2016-11-01,Sweden,60.1282,18.6435,-5.75,98.43
2016-11-01,Norway,60.472,8.4689,-5.62,100.00
2016-11-01,Chile,-35.6751,-71.543,15.64,68.82
2016-11-01,New Zealand,-40.9006,174.886,15.03,79.04
2016-12-01,United States,37.0902,-95.7129,-1.51,96.41
2016-12-01,Canada,56.1304,-106.3468,-21.81,100.00
2016-12-01,Brazil,-14.235,-51.9253,30.01,59.72
2016-12-01,United Kingdom,55.3781,-3.436,2.13,91.62
2016-12-01,Germany,51.1657,10.4515,-1.66,96.46
2016-12-01,India,20.5937,78.9629,16.60,72.92
2016-12-01,China,35.8617,104.1954,-1.38,91.95
2016-12-01,Australia,-25.2744,133.7751,32.14,61.28
2016-12-01,South Africa,-30.5595,22.9375,25.87,64.92
2016-12-01,Russia,61.524,105.3188,-25.31,100.00
2016-12-01,Japan,36.2048,138.2529,5.12,84.35
2016-12-01,Argentina,-38.4161,-63.6167,23.61,71.42
2016-12-01,France,46.2276,2.2137,3.47,93.71
2016-12-01,Italy,41.8719,12.5674,4.46,85.25
2016-12-01,Spain,40.4637,-3.7492,4.51,86.65
2016-12-01,Mexico,23.6345,-102.5528,15.27,76.88
2016-12-01,Indonesia,-0.7893,113.9213,28.12,56.12
2016-12-01,Nigeria,9.082,8.6753,24.99,69.02
2016-12-01,Egypt,26.8206,30.8025,12.94,80.87
2016-12-01,Saudi Arabia,23.8859,45.0792,12.40,70.81
2016-12-01,Sweden,60.1282,18.6435,-11.39,100.00
2016-12-01,Norway,60.472,8.4689,-9.60,100.00
2016-12-01,Chile,-35.6751,-71.543,19.04,65.27
2016-12-01,New Zealand,-40.9006,174.886,18.31,72.95
2017-01-01,United States,37.0902,-95.7129,-2.58,98.13
2017-01-01,Canada,56.1304,-106.3468,-24.67,100.00
2017-01-01,Brazil,-14.235,-51.9253,30.97,53.64
2017-01-01,United Kingdom,55.3781,-3.436,0.80,88.55
2017-01-01,Germany,51.1657,10.4515,-2.78,90.76
2017-01-01,India,20.5937,78.9629,13.36,73.86
2017-01-01,China,35.8617,104.1954,-4.23,93.87
2017-01-01,Australia,-25.2744,133.7751,32.56,47.93
2017-01-01,South Africa,-30.5595,22.9375,25.84,66.09
2017-01-01,Russia,61.524,105.3188,-30.34,100.00
2017-01-01,Japan,36.2048,138.2529,2.66,89.02
2017-01-01,Argentina,-38.4161,-63.6167,25.29,66.47
2017-01-01,France,46.2276,2.2137,0.34,90.24
2017-01-01,Italy,41.8719,12.5674,2.14,89.51
2017-01-01,Spain,40.4637,-3.7492,4.17,87.00
2017-01-01,Mexico,23.6345,-102.5528,13.46,75.29
2017-01-01,Indonesia,-0.7893,113.9213,29.47,64.24
2017-01-01,Nigeria,9.082,8.6753,23.21,63.32
2017-01-01,Egypt,26.8206,30.8025,12.77,73.99
2017-01-01,Saudi Arabia,23.8859,45.0792,10.83,81.85
2017-01-01,Sweden,60.1282,18.6435,-14.06,100.00
2017-01-01,Norway,60.472,8.4689,-12.55,100.00
2017-01-01,Chile,-35.6751,-71.543,19.18,69.49
2017-01-01,New Zealand,-40.9006,174.886,20.20,62.10
2017-02-01,United States,37.0902,-95.7129,-1.54,99.75
2017-02-01,Canada,56.1304,-106.3468,-22.56,100.00
2017-02-01,Brazil,-14.235,-51.9253,28.86,53.51
2017-02-01,United Kingdom,55.3781,-3.436,2.28,84.60
2017-02-01,Germany,51.1657,10.4515,-0.87,86.85
2017-02-01,India,20.5937,78.9629,16.56,78.25
2017-02-01,China,35.8617,104.1954,-2.46,93.50
2017-02-01,Australia,-25.2744,133.7751,29.88,56.84
2017-02-01,South Africa,-30.5595,22.9375,24.40,67.64
2017-02-01,Russia,61.524,105.3188,-26.49,100.00
2017-02-01,Japan,36.2048,138.2529,3.79,90.39
2017-02-01,Argentina,-38.4161,-63.6167,23.21,59.75
2017-02-01,France,46.2276,2.2137,2.07,94.34
2017-02-01,Italy,41.8719,12.5674,3.02,90.33
2017-02-01,Spain,40.4637,-3.7492,4.90,92.58
2017-02-01,Mexico,23.6345,-102.5528,15.40,80.65
2017-02-01,Indonesia,-0.7893,113.9213,28.60,57.22
2017-02-01,Nigeria,9.082,8.6753,24.15,69.01
2017-02-01,Egypt,26.8206,30.8025,12.82,74.97
2017-02-01,Saudi Arabia,23.8859,45.0792,11.89,79.57
2017-02-01,Sweden,60.1282,18.6435,-11.70,100.00
2017-02-01,Norway,60.472,8.4689,-9.51,100.00
2017-02-01,Chile,-35.6751,-71.543,18.39,64.30
2017-02-01,New Zealand,-40.9006,174.886,18.12,74.58
2017-03-01,United States,37.0902,-95.7129,3.78,81.62
2017-03-01,Canada,56.1304,-106.3468,-13.93,100.00
2017-03-01,Brazil,-14.235,-51.9253,27.79,65.57
2017-03-01,United Kingdom,55.3781,-3.436,6.04,83.94
2017-03-01,Germany,51.1657,10.4515,4.18,94.04
2017-03-01,India,20.5937,78.9629,18.65,74.25
2017-03-01,China,35.8617,104.1954,5.05,84.44
2017-03-01,Australia,-25.2744,133.7751,26.50,57.82
2017-03-01,South Africa,-30.5595,22.9375,21.51,63.43
2017-03-01,Russia,61.524,105.3188,-17.87,100.00
2017-03-01,Japan,36.2048,138.2529,9.32,74.67
2017-03-01,Argentina,-38.4161,-63.6167,18.49,68.62
2017-03-01,France,46.2276,2.2137,5.86,87.32
2017-03-01,Italy,41.8719,12.5674,7.84,90.94
2017-03-01,Spain,40.4637,-3.7492,8.57,77.93
2017-03-01,Mexico,23.6345,-102.5528,17.25,78.08
2017-03-01,Indonesia,-0.7893,113.9213,29.39,60.75
2017-03-01,Nigeria,9.082,8.6753,24.67,68.60
2017-03-01,Egypt,26.8206,30.8025,16.90,75.22
2017-03-01,Saudi Arabia,23.8859,45.0792,18.94,71.49
2017-03-01,Sweden,60.1282,18.6435,-6.44,96.95
2017-03-01,Norway,60.472,8.4689,-4.79,100.00
2017-03-01,Chile,-35.6751,-71.543,15.69,68.94
2017-03-01,New Zealand,-40.9006,174.886,14.92,72.84
2017-04-01,United States,37.0902,-95.7129,13.47,79.91
2017-04-01,Canada,56.1304,-106.3468,-5.59,100.00
2017-04-01,Brazil,-14.235,-51.9253,26.06,65.30
2017-04-01,United Kingdom,55.3781,-3.436,10.40,81.45
2017-04-01,Germany,51.1657,10.4515,9.15,85.55
2017-04-01,India,20.5937,78.9629,23.20,68.41
2017-04-01,China,35.8617,104.1954,13.68,80.18
2017-04-01,Australia,-25.2744,133.7751,22.02,66.98
2017-04-01,South Africa,-30.5595,22.9375,18.82,67.78
2017-04-01,Russia,61.524,105.3188,-4.56,96.01
2017-04-01,Japan,36.2048,138.2529,14.94,75.40
2017-04-01,Argentina,-38.4161,-63.6167,15.27,67.47
2017-04-01,France,46.2276,2.2137,11.08,84.81
2017-04-01,Italy,41.8719,12.5674,14.16,74.91
2017-04-01,Spain,40.4637,-3.7492,15.24,68.46
2017-04-01,Mexico,23.6345,-102.5528,21.38,67.87
2017-04-01,Indonesia,-0.7893,113.9213,26.74,56.85
2017-04-01,Nigeria,9.082,8.6753,26.66,68.09
2017-04-01,Egypt,26.8206,30.8025,23.24,64.26
2017-04-01,Saudi Arabia,23.8859,45.0792,26.06,62.00
2017-04-01,Sweden,60.1282,18.6435,3.97,83.64
2017-04-01,Norway,60.472,8.4689,3.48,93.95
2017-04-01,Chile,-35.6751,-71.543,11.92,84.45
2017-04-01,New Zealand,-40.9006,174.886,10.65,85.07
2017-05-01,United States,37.0902,-95.7129,19.69,73.69
2017-05-01,Canada,56.1304,-106.3468,5.55,78.95
2017-05-01,Brazil,-14.235,-51.9253,23.25,70.62
2017-05-01,United Kingdom,55.3781,-3.436,15.67,71.88
2017-05-01,Germany,51.1657,10.4515,16.17,75.43
2017-05-01,India,20.5937,78.9629,29.65,64.03
2017-05-01,China,35.8617,104.1954,22.73,72.34
2017-05-01,Australia,-25.2744,133.7751,16.90,79.27
2017-05-01,South Africa,-30.5595,22.9375,13.34,79.35
2017-05-01,Russia,61.524,105.3188,8.69,81.22
2017-05-01,Japan,36.2048,138.2529,22.53,62.12
2017-05-01,Argentina,-38.4161,-63.6167,9.20,76.10
2017-05-01,France,46.2276,2.2137,16.46,70.83
2017-05-01,Italy,41.8719,12.5674,21.20,74.32
2017-05-01,Spain,40.4637,-3.7492,21.77,70.65
2017-05-01,Mexico,23.6345,-102.5528,25.03,62.79
2017-05-01,Indonesia,-0.7893,113.9213,27.22,59.30
2017-05-01,Nigeria,9.082,8.6753,30.42,57.54
2017-05-01,Egypt,26.8206,30.8025,26.84,57.33
2017-05-01,Saudi Arabia,23.8859,45.0792,31.86,48.05
2017-05-01,Sweden,60.1282,18.6435,11.12,86.08
2017-05-01,Norway,60.472,8.4689,9.58,88.91
2017-05-01,Chile,-35.6751,-71.543,7.45,85.34
2017-05-01,New Zealand,-40.9006,174.886,7.21,83.32
2017-06-01,United States,37.0902,-95.7129,25.03,67.83
2017-06-01,Canada,56.1304,-106.3468,12.67,77.93
2017-06-01,Brazil,-14.235,-51.9253,21.10,69.60
2017-06-01,United Kingdom,55.3781,-3.436,18.59,75.79
2017-06-01,Germany,51.1657,10.4515,19.73,69.39
2017-06-01,India,20.5937,78.9629,33.12,53.49
2017-06-01,China,35.8617,104.1954,29.13,55.35
2017-06-01,Australia,-25.2744,133.7751,13.91,76.66
2017-06-01,South Africa,-30.5595,22.9375,12.02,72.26
2017-06-01,Russia,61.524,105.3188,17.71,71.92
2017-06-01,Japan,36.2048,138.2529,25.72,62.55
2017-06-01,Argentina,-38.4161,-63.6167,4.69,81.17
2017-06-01,France,46.2276,2.2137,19.34,66.96
2017-06-01,Italy,41.8719,12.5674,25.59,55.82
2017-06-01,Spain,40.4637,-3.7492,25.35,55.36
2017-06-01,Mexico,23.6345,-102.5528,28.42,57.22
2017-06-01,Indonesia,-0.7893,113.9213,24.49,58.51
2017-06-01,Nigeria,9.082,8.6753,31.13,55.63
2017-06-01,Egypt,26.8206,30.8025,30.38,58.91
2017-06-01,Saudi Arabia,23.8859,45.0792,38.34,49.83
2017-06-01,Sweden,60.1282,18.6435,19.65,63.11
2017-06-01,Norway,60.472,8.4689,16.23,68.70
2017-06-01,Chile,-35.6751,-71.543,4.69,86.47
2017-06-01,New Zealand,-40.9006,174.886,5.20,81.30
2017-07-01,United States,37.0902,-95.7129,26.65,64.53
2017-07-01,Canada,56.1304,-106.3468,16.09,76.93
2017-07-01,Brazil,-14.235,-51.9253,21.16,67.01
2017-07-01,United Kingdom,55.3781,-3.436,19.45,68.39
2017-07-01,Germany,51.1657,10.4515,21.10,61.14
2017-07-01,India,20.5937,78.9629,33.16,57.21
2017-07-01,China,35.8617,104.1954,32.65,51.55
2017-07-01,Australia,-25.2744,133.7751,12.80,74.88
2017-07-01,South Africa,-30.5595,22.9375,9.62,87.04
2017-07-01,Russia,61.524,105.3188,20.84,70.03
2017-07-01,Japan,36.2048,138.2529,27.90,54.93
2017-07-01,Argentina,-38.4161,-63.6167,3.48,93.85
2017-07-01,France,46.2276,2.2137,22.28,68.58
2017-07-01,Italy,41.8719,12.5674,25.06,64.51
2017-07-01,Spain,40.4637,-3.7492,26.47,54.34
2017-07-01,Mexico,23.6345,-102.5528,28.59,57.68
2017-07-01,Indonesia,-0.7893,113.9213,26.12,62.80
2017-07-01,Nigeria,9.082,8.6753,31.21,62.95
2017-07-01,Egypt,26.8206,30.8025,31.66,55.97
2017-07-01,Saudi Arabia,23.8859,45.0792,40.60,40.78
2017-07-01,Sweden,60.1282,18.6435,21.60,63.33
2017-07-01,Norway,60.472,8.4689,17.53,70.67
2017-07-01,Chile,-35.6751,-71.543,4.50,91.80
2017-07-01,New Zealand,-40.9006,174.886,3.09,83.29
2017-08-01,United States,37.0902,-95.7129,24.44,58.59
2017-08-01,Canada,56.1304,-106.3468,13.51,69.47
2017-08-01,Brazil,-14.235,-51.9253,19.98,75.96
2017-08-01,United Kingdom,55.3781,-3.436,18.29,69.76
2017-08-01,Germany,51.1657,10.4515,18.87,70.27
2017-08-01,India,20.5937,78.9629,33.25,56.65
2017-08-01,China,35.8617,104.1954,29.66,56.30
2017-08-01,Australia,-25.2744,133.7751,12.65,74.92
2017-08-01,South Africa,-30.5595,22.9375,11.08,74.36
2017-08-01,Russia,61.524,105.3188,17.36,76.21
2017-08-01,Japan,36.2048,138.2529,26.04,67.36
2017-08-01,Argentina,-38.4161,-63.6167,5.08,92.71
2017-08-01,France,46.2276,2.2137,18.83,69.35
2017-08-01,Italy,41.8719,12.5674,25.73,68.40
2017-08-01,Spain,40.4637,-3.7492,26.00,64.24
2017-08-01,Mexico,23.6345,-102.5528,28.79,60.60
2017-08-01,Indonesia,-0.7893,113.9213,25.89,68.64
2017-08-01,Nigeria,9.082,8.6753,29.95,63.41
2017-08-01,Egypt,26.8206,30.8025,31.68,58.17
2017-08-01,Saudi Arabia,23.8859,45.0792,39.34,49.70
2017-08-01,Sweden,60.1282,18.6435,18.09,71.76
2017-08-01,Norway,60.472,8.4689,15.77,74.93
2017-08-01,Chile,-35.6751,-71.543,6.02,83.93
2017-08-01,New Zealand,-40.9006,174.886,4.11,92.67
2017-09-01,United States,37.0902,-95.7129,20.50,71.58
2017-09-01,Canada,56.1304,-106.3468,6.28,80.90
2017-09-01,Brazil,-14.235,-51.9253,23.36,71.16
2017-09-01,United Kingdom,55.3781,-3.436,14.77,69.27
2017-09-01,Germany,51.1657,10.4515,15.69,72.89
2017-09-01,India,20.5937,78.9629,28.80,65.77
2017-09-01,China,35.8617,104.1954,23.35,69.56
2017-09-01,Australia,-25.2744,133.7751,18.50,69.44
2017-09-01,South Africa,-30.5595,22.9375,13.88,72.49
2017-09-01,Russia,61.524,105.3188,7.61,84.06
2017-09-01,Japan,36.2048,138.2529,21.75,65.89
2017-09-01,Argentina,-38.4161,-63.6167,9.74,85.94
2017-09-01,France,46.2276,2.2137,17.17,71.57
2017-09-01,Italy,41.8719,12.5674,20.84,71.56
2017-09-01,Spain,40.4637,-3.7492,22.44,61.07
2017-09-01,Mexico,23.6345,-102.5528,26.18,59.69
2017-09-01,Indonesia,-0.7893,113.9213,25.29,65.07
2017-09-01,Nigeria,9.082,8.6753,29.99,58.62
2017-09-01,Egypt,26.8206,30.8025,27.40,67.54
2017-09-01,Saudi Arabia,23.8859,45.0792,33.36,53.01
2017-09-01,Sweden,60.1282,18.6435,13.23,71.92
2017-09-01,Norway,60.472,8.4689,10.78,79.19
2017-09-01,Chile,-35.6751,-71.543,7.86,76.84
2017-09-01,New Zealand,-40.9006,174.886,7.49,79.39
2017-10-01,United States,37.0902,-95.7129,13.14,82.57
2017-10-01,Canada,56.1304,-106.3468,-5.95,100.00
2017-10-01,Brazil,-14.235,-51.9253,26.03,63.64
2017-10-01,United Kingdom,55.3781,-3.436,10.99,80.14
2017-10-01,Germany,51.1657,10.4515,9.77,74.06
2017-10-01,India,20.5937,78.9629,24.95,69.60
2017-10-01,China,35.8617,104.1954,15.12,68.92
2017-10-01,Australia,-25.2744,133.7751,22.56,65.12
2017-10-01,South Africa,-30.5595,22.9375,17.47,76.18
2017-10-01,Russia,61.524,105.3188,-5.79,93.34
2017-10-01,Japan,36.2048,138.2529,16.38,68.71
2017-10-01,Argentina,-38.4161,-63.6167,15.18,75.91
2017-10-01,France,46.2276,2.2137,11.48,74.48
2017-10-01,Italy,41.8719,12.5674,14.15,76.67
2017-10-01,Spain,40.4637,-3.7492,15.95,71.79
2017-10-01,Mexico,23.6345,-102.5528,22.09,68.31
2017-10-01,Indonesia,-0.7893,113.9213,27.81,57.96
2017-10-01,Nigeria,9.082,8.6753,26.38,58.55
2017-10-01,Egypt,26.8206,30.8025,22.29,60.10
2017-10-01,Saudi Arabia,23.8859,45.0792,25.96,55.84
2017-10-01,Sweden,60.1282,18.6435,2.84,83.61
2017-10-01,Norway,60.472,8.4689,3.41,95.83
2017-10-01,Chile,-35.6751,-71.543,13.10,72.58
2017-10-01,New Zealand,-40.9006,174.886,11.66,82.66
2017-11-01,United States,37.0902,-95.7129,5.95,92.35
2017-11-01,Canada,56.1304,-106.3468,-13.75,100.00
2017-11-01,Brazil,-14.235,-51.9253,26.84,56.25
2017-11-01,United Kingdom,55.3781,-3.436,6.20,79.02
2017-11-01,Germany,51.1657,10.4515,2.68,87.45
2017-11-01,India,20.5937,78.9629,18.51,73.89
2017-11-01,China,35.8617,104.1954,4.41,81.92
2017-11-01,Australia,-25.2744,133.7751,26.80,67.03
2017-11-01,South Africa,-30.5595,22.9375,21.22,74.27
2017-11-01,Russia,61.524,105.3188,-17.72,100.00
2017-11-01,Japan,36.2048,138.2529,9.45,76.66
2017-11-01,Argentina,-38.4161,-63.6167,18.04,65.12
2017-11-01,France,46.2276,2.2137,6.71,80.53
2017-11-01,Italy,41.8719,12.5674,9.45,81.78
2017-11-01,Spain,40.4637,-3.7492,8.41,81.49
2017-11-01,Mexico,23.6345,-102.5528,17.08,66.93
2017-11-01,Indonesia,-0.7893,113.9213,27.51,52.63
2017-11-01,Nigeria,9.082,8.6753,25.87,55.33
2017-11-01,Egypt,26.8206,30.8025,18.48,72.04
2017-11-01,Saudi Arabia,23.8859,45.0792,17.00,78.95
2017-11-01,Sweden,60.1282,18.6435,-5.54,99.57
2017-11-01,Norway,60.472,8.4689,-5.02,97.54
2017-11-01,Chile,-35.6751,-71.543,17.34,71.02
2017-11-01,New Zealand,-40.9006,174.886,15.38,73.78
2017-12-01,United States,37.0902,-95.7129,-0.82,100.00
2017-12-01,Canada,56.1304,-106.3468,-23.13,100.00
2017-12-01,Brazil,-14.235,-51.9253,28.61,51.23
2017-12-01,United Kingdom,55.3781,-3.436,1.96,83.61
2017-12-01,Germany,51.1657,10.4515,-0.31,99.33
2017-12-01,India,20.5937,78.9629,14.90,80.46
2017-12-01,China,35.8617,104.1954,-1.22,88.44
2017-12-01,Australia,-25.2744,133.7751,31.98,55.61
2017-12-01,South Africa,-30.5595,22.9375,26.28,58.97
2017-12-01,Russia,61.524,105.3188,-26.24,100.00
2017-12-01,Japan,36.2048,138.2529,5.05,84.60
2017-12-01,Argentina,-38.4161,-63.6167,23.52,71.20
2017-12-01,France,46.2276,2.2137,3.11,86.92
2017-12-01,Italy,41.8719,12.5674,4.24,92.29
2017-12-01,Spain,40.4637,-3.7492,6.10,81.03
2017-12-01,Mexico,23.6345,-102.5528,14.65,79.08
2017-12-01,Indonesia,-0.7893,113.9213,29.13,65.00
2017-12-01,Nigeria,9.082,8.6753,24.07,63.41
2017-12-01,Egypt,26.8206,30.8025,13.90,78.86
2017-12-01,Saudi Arabia,23.8859,45.0792,12.22,82.23
2017-12-01,Sweden,60.1282,18.6435,-11.06,100.00
2017-12-01,Norway,60.472,8.4689,-9.53,100.00
2017-12-01,Chile,-35.6751,-71.543,18.72,65.36
2017-12-01,New Zealand,-40.9006,174.886,18.21,75.52
2018-01-01,United States,37.0902,-95.7129,-2.20,94.75
2018-01-01,Canada,56.1304,-106.3468,-25.77,100.00
2018-01-01,Brazil,-14.235,-51.9253,29.54,54.54
2018-01-01,United Kingdom,55.3781,-3.436,0.31,97.36
2018-01-01,Germany,51.1657,10.4515,-2.05,95.40
2018-01-01,India,20.5937,78.9629,15.14,80.87
2018-01-01,China,35.8617,104.1954,-2.83,98.91
2018-01-01,Australia,-25.2744,133.7751,33.11,53.14
2018-01-01,South Africa,-30.5595,22.9375,27.23,62.29
2018-01-01,Russia,61.524,105.3188,-30.14,100.00
2018-01-01,Japan,36.2048,138.2529,2.66,89.44
2018-01-01,Argentina,-38.4161,-63.6167,23.56,59.15
2018-01-01,France,46.2276,2.2137,1.03,97.34
2018-01-01,Italy,41.8719,12.5674,2.60,84.87
2018-01-01,Spain,40.4637,-3.7492,4.14,92.41
2018-01-01,Mexico,23.6345,-102.5528,14.22,77.96
2018-01-01,Indonesia,-0.7893,113.9213,28.73,64.25
2018-01-01,Nigeria,9.082,8.6753,23.59,59.02
2018-01-01,Egypt,26.8206,30.8025,13.26,76.15
2018-01-01,Saudi Arabia,23.8859,45.0792,9.97,83.64
2018-01-01,Sweden,60.1282,18.6435,-14.38,100.00
2018-01-01,Norway,60.472,8.4689,-13.65,100.00
2018-01-01,Chile,-35.6751,-71.543,19.46,68.93
2018-01-01,New Zealand,-40.9006,174.886,20.01,65.98
2018-02-01,United States,37.0902,-95.7129,-0.54,96.47
2018-02-01,Canada,56.1304,-106.3468,-21.80,100.00
2018-02-01,Brazil,-14.235,-51.9253,30.01,64.38
2018-02-01,United Kingdom,55.3781,-3.436,1.20,87.73
2018-02-01,Germany,51.1657,10.4515,-1.70,91.22
2018-02-01,India,20.5937,78.9629,16.52,78.56
2018-02-01,China,35.8617,104.1954,-1.12,94.85
2018-02-01,Australia,-25.2744,133.7751,31.67,57.84
2018-02-01,South Africa,-30.5595,22.9375,24.17,65.50
2018-02-01,Russia,61.524,105.3188,-27.47,100.00
2018-02-01,Japan,36.2048,138.2529,4.22,81.92
2018-02-01,Argentina,-38.4161,-63.6167,22.02,62.62
2018-02-01,France,46.2276,2.2137,3.60,83.55
2018-02-01,Italy,41.8719,12.5674,4.62,88.25
2018-02-01,Spain,40.4637,-3.7492,5.50,91.56
2018-02-01,Mexico,23.6345,-102.5528,15.30,79.75
2018-02-01,Indonesia,-0.7893,113.9213,28.36,54.14
2018-02-01,Nigeria,9.082,8.6753,23.03,70.10
2018-02-01,Egypt,26.8206,30.8025,13.28,80.34
2018-02-01,Saudi Arabia,23.8859,45.0792,11.52,80.73
2018-02-01,Sweden,60.1282,18.6435,-13.36,100.00
2018-02-01,Norway,60.472,8.4689,-11.29,100.00
2018-02-01,Chile,-35.6751,-71.543,18.04,74.19
2018-02-01,New Zealand,-40.9006,174.886,18.28,68.13
2018-03-01,United States,37.0902,-95.7129,4.62,89.05
2018-03-01,Canada,56.1304,-106.3468,-14.38,100.00
2018-03-01,Brazil,-14.235,-51.9253,27.13,55.34
2018-03-01,United Kingdom,55.3781,-3.436,4.42,83.08
2018-03-01,Germany,51.1657,10.4515,3.19,89.71
2018-03-01,India,20.5937,78.9629,18.98,63.60
2018-03-01,China,35.8617,104.1954,4.69,94.26
2018-03-01,Australia,-25.2744,133.7751,26.34,68.14
2018-03-01,South Africa,-30.5595,22.9375,23.12,63.77
2018-03-01,Russia,61.524,105.3188,-18.31,100.00
2018-03-01,Japan,36.2048,138.2529,10.14,83.47
2018-03-01,Argentina,-38.4161,-63.6167,19.63,73.41
2018-03-01,France,46.2276,2.2137,5.46,88.57
2018-03-01,Italy,41.8719,12.5674,8.42,84.37
2018-03-01,Spain,40.4637,-3.7492,8.42,77.54
2018-03-01,Mexico,23.6345,-102.5528,17.70,73.87
2018-03-01,Indonesia,-0.7893,113.9213,28.12,66.55
2018-03-01,Nigeria,9.082,8.6753,25.63,60.99
2018-03-01,Egypt,26.8206,30.8025,16.67,66.79
2018-03-01,Saudi Arabia,23.8859,45.0792,18.58,69.77
2018-03-01,Sweden,60.1282,18.6435,-5.32,92.14
2018-03-01,Norway,60.472,8.4689,-5.41,100.00
2018-03-01,Chile,-35.6751,-71.543,16.89,71.11
2018-03-01,New Zealand,-40.9006,174.886,14.77,68.83
2018-04-01,United States,37.0902,-95.7129,12.52,78.95
2018-04-01,Canada,56.1304,-106.3468,-4.41,100.00
2018-04-01,Brazil,-14.235,-51.9253,25.69,56.13
2018-04-01,United Kingdom,55.3781,-3.436,10.08,80.77
2018-04-01,Germany,51.1657,10.4515,10.06,85.19
2018-04-01,India,20.5937,78.9629,24.44,65.26
2018-04-01,China,35.8617,104.1954,13.15,70.04
2018-04-01,Australia,-25.2744,133.7751,23.35,69.38
2018-04-01,South Africa,-30.5595,22.9375,17.26,65.10
2018-04-01,Russia,61.524,105.3188,-3.97,97.36
2018-04-01,Japan,36.2048,138.2529,16.31,68.25
2018-04-01,Argentina,-38.4161,-63.6167,14.02,80.02
2018-04-01,France,46.2276,2.2137,11.79,82.54
2018-04-01,Italy,41.8719,12.5674,13.72,77.20
2018-04-01,Spain,40.4637,-3.7492,16.40,77.78
2018-04-01,Mexico,23.6345,-102.5528,21.75,64.31
2018-04-01,Indonesia,-0.7893,113.9213,28.01,61.66
2018-04-01,Nigeria,9.082,8.6753,28.54,59.66
2018-04-01,Egypt,26.8206,30.8025,22.33,73.35
2018-04-01,Saudi Arabia,23.8859,45.0792,24.41,57.71
2018-04-01,Sweden,60.1282,18.6435,2.28,90.28
2018-04-01,Norway,60.472,8.4689,2.49,86.60
2018-04-01,Chile,-35.6751,-71.543,11.75,78.15
2018-04-01,New Zealand,-40.9006,174.886,10.48,82.20
2018-05-01,United States,37.0902,-95.7129,20.96,62.05
2018-05-01,Canada,56.1304,-106.3468,6.13,91.91
2018-05-01,Brazil,-14.235,-51.9253,22.82,62.89
2018-05-01,United Kingdom,55.3781,-3.436,15.50,81.70
2018-05-01,Germany,51.1657,10.4515,15.49,74.26
2018-05-01,India,20.5937,78.9629,29.38,61.95
2018-05-01,China,35.8617,104.1954,23.96,59.06
2018-05-01,Australia,-25.2744,133.7751,16.49,71.38
2018-05-01,South Africa,-30.5595,22.9375,13.38,79.69
2018-05-01,Russia,61.524,105.3188,7.38,88.06
2018-05-01,Japan,36.2048,138.2529,22.49,72.80
2018-05-01,Argentina,-38.4161,-63.6167,9.92,81.65
2018-05-01,France,46.2276,2.2137,17.43,76.84
2018-05-01,Italy,41.8719,12.5674,20.97,73.99
2018-05-01,Spain,40.4637,-3.7492,20.18,62.19
2018-05-01,Mexico,23.6345,-102.5528,25.77,59.03
2018-05-01,Indonesia,-0.7893,113.9213,25.84,62.04
2018-05-01,Nigeria,9.082,8.6753,29.42,62.47
2018-05-01,Egypt,26.8206,30.8025,26.36,64.13
2018-05-01,Saudi Arabia,23.8859,45.0792,31.98,54.22
2018-05-01,Sweden,60.1282,18.6435,13.07,80.99
2018-05-01,Norway,60.472,8.4689,9.44,82.91
2018-05-01,Chile,-35.6751,-71.543,7.63,81.74
2018-05-01,New Zealand,-40.9006,174.886,6.31,90.34
2018-06-01,United States,37.0902,-95.7129,25.88,67.43
2018-06-01,Canada,56.1304,-106.3468,13.85,70.44
2018-06-01,Brazil,-14.235,-51.9253,22.02,66.53
2018-06-01,United Kingdom,55.3781,-3.436,19.76,62.32
2018-06-01,Germany,51.1657,10.4515,20.40,70.43
2018-06-01,India,20.5937,78.9629,33.20,50.37
2018-06-01,China,35.8617,104.1954,29.22,60.21
2018-06-01,Australia,-25.2744,133.7751,14.21,74.44
2018-06-01,South Africa,-30.5595,22.9375,10.80,84.42
2018-06-01,Russia,61.524,105.3188,16.26,69.56
2018-06-01,Japan,36.2048,138.2529,24.72,57.26
2018-06-01,Argentina,-38.4161,-63.6167,5.87,81.65
2018-06-01,France,46.2276,2.2137,19.60,69.58
2018-06-01,Italy,41.8719,12.5674,24.05,69.54
2018-06-01,Spain,40.4637,-3.7492,25.04,63.20
2018-06-01,Mexico,23.6345,-102.5528,28.14,60.79
2018-06-01,Indonesia,-0.7893,113.9213,26.32,54.76
2018-06-01,Nigeria,9.082,8.6753,31.85,48.97
2018-06-01,Egypt,26.8206,30.8025,30.41,56.71
2018-06-01,Saudi Arabia,23.8859,45.0792,39.30,45.13
2018-06-01,Sweden,60.1282,18.6435,17.83,78.23
2018-06-01,Norway,60.472,8.4689,16.10,76.20
2018-06-01,Chile,-35.6751,-71.543,4.46,83.32
2018-06-01,New Zealand,-40.9006,174.886,3.45,94.87
2018-07-01,United States,37.0902,-95.7129,28.14,61.83
2018-07-01,Canada,56.1304,-106.3468,16.28,67.33
2018-07-01,Brazil,-14.235,-51.9253,19.52,63.03
2018-07-01,United Kingdom,55.3781,-3.436,20.55,74.65
2018-07-01,Germany,51.1657,10.4515,21.46,61.30
2018-07-01,India,20.5937,78.9629,33.99,51.65
2018-07-01,China,35.8617,104.1954,33.54,48.01
2018-07-01,Australia,-25.2744,133.7751,13.24,76.43
2018-07-01,South Africa,-30.5595,22.9375,11.09,84.29
2018-07-01,Russia,61.524,105.3188,20.14,74.06
2018-07-01,Japan,36.2048,138.2529,26.63,56.37
2018-07-01,Argentina,-38.4161,-63.6167,3.37,83.64
2018-07-01,France,46.2276,2.2137,20.66,72.35
2018-07-01,Italy,41.8719,12.5674,25.13,63.16
2018-07-01,Spain,40.4637,-3.7492,27.33,64.92
2018-07-01,Mexico,23.6345,-102.5528,28.22,55.60
2018-07-01,Indonesia,-0.7893,113.9213,25.08,63.43
2018-07-01,Nigeria,9.082,8.6753,31.16,52.92
2018-07-01,Egypt,26.8206,30.8025,33.51,57.94
2018-07-01,Saudi Arabia,23.8859,45.0792,40.34,48.25
2018-07-01,Sweden,60.1282,18.6435,20.86,61.14
2018-07-01,Norway,60.472,8.4689,18.01,76.84
2018-07-01,Chile,-35.6751,-71.543,4.59,89.00
2018-07-01,New Zealand,-40.9006,174.886,3.18,83.94
2018-08-01,United States,37.0902,-95.7129,24.63,65.29
2018-08-01,Canada,56.1304,-106.3468,11.60,85.48
2018-08-01,Brazil,-14.235,-51.9253,21.96,72.68
2018-08-01,United Kingdom,55.3781,-3.436,19.86,62.32
2018-08-01,Germany,51.1657,10.4515,19.04,67.20
2018-08-01,India,20.5937,78.9629,32.39,51.44
2018-08-01,China,35.8617,104.1954,30.14,49.70
2018-08-01,Australia,-25.2744,133.7751,14.20,75.57
2018-08-01,South Africa,-30.5595,22.9375,11.22,74.49
2018-08-01,Russia,61.524,105.3188,17.81,70.81
2018-08-01,Japan,36.2048,138.2529,26.12,65.79
2018-08-01,Argentina,-38.4161,-63.6167,6.79,85.93
2018-08-01,France,46.2276,2.2137,20.70,67.01
2018-08-01,Italy,41.8719,12.5674,24.78,66.88
2018-08-01,Spain,40.4637,-3.7492,25.85,62.45
2018-08-01,Mexico,23.6345,-102.5528,28.93,52.92
2018-08-01,Indonesia,-0.7893,113.9213,26.02,63.55
2018-08-01,Nigeria,9.082,8.6753,31.84,61.52
2018-08-01,Egypt,26.8206,30.8025,30.82,58.18
2018-08-01,Saudi Arabia,23.8859,45.0792,37.72,50.36
2018-08-01,Sweden,60.1282,18.6435,20.03,69.10
2018-08-01,Norway,60.472,8.4689,15.21,78.36
2018-08-01,Chile,-35.6751,-71.543,5.10,86.64
2018-08-01,New Zealand,-40.9006,174.886,5.59,88.26
2018-09-01,United States,37.0902,-95.7129,20.47,61.60
2018-09-01,Canada,56.1304,-106.3468,4.78,85.90
2018-09-01,Brazil,-14.235,-51.9253,23.23,59.32
2018-09-01,United Kingdom,55.3781,-3.436,14.47,80.36
2018-09-01,Germany,51.1657,10.4515,15.00,70.58
2018-09-01,India,20.5937,78.9629,29.98,61.26
2018-09-01,China,35.8617,104.1954,22.23,67.73
2018-09-01,Australia,-25.2744,133.7751,18.54,66.23
2018-09-01,South Africa,-30.5595,22.9375,13.18,82.56
2018-09-01,Russia,61.524,105.3188,8.20,77.27
2018-09-01,Japan,36.2048,138.2529,21.61,67.95
2018-09-01,Argentina,-38.4161,-63.6167,9.46,74.67
2018-09-01,France,46.2276,2.2137,15.17,75.98
2018-09-01,Italy,41.8719,12.5674,21.44,74.33
2018-09-01,Spain,40.4637,-3.7492,21.49,62.51
2018-09-01,Mexico,23.6345,-102.5528,25.64,65.82
2018-09-01,Indonesia,-0.7893,113.9213,26.68,55.11
2018-09-01,Nigeria,9.082,8.6753,29.20,57.75
2018-09-01,Egypt,26.8206,30.8025,26.64,63.25
2018-09-01,Saudi Arabia,23.8859,45.0792,32.55,60.25
2018-09-01,Sweden,60.1282,18.6435,11.36,78.20
2018-09-01,Norway,60.472,8.4689,9.26,76.02
2018-09-01,Chile,-35.6751,-71.543,7.66,78.51
2018-09-01,New Zealand,-40.9006,174.886,6.95,84.15
2018-10-01,United States,37.0902,-95.7129,13.42,69.95
2018-10-01,Canada,56.1304,-106.3468,-4.84,92.27
2018-10-01,Brazil,-14.235,-51.9253,25.24,69.50
2018-10-01,United Kingdom,55.3781,-3.436,10.88,83.65
2018-10-01,Germany,51.1657,10.4515,9.18,87.27
2018-10-01,India,20.5937,78.9629,24.25,57.84
2018-10-01,China,35.8617,104.1954,15.05,79.53
2018-10-01,Australia,-25.2744,133.7751,21.32,67.99
2018-10-01,South Africa,-30.5595,22.9375,18.71,63.89
2018-10-01,Russia,61.524,105.3188,-5.73,100.00
2018-10-01,Japan,36.2048,138.2529,15.49,78.69
2018-10-01,Argentina,-38.4161,-63.6167,14.42,82.09
2018-10-01,France,46.2276,2.2137,10.38,73.73
2018-10-01,Italy,41.8719,12.5674,15.01,79.02
2018-10-01,Spain,40.4637,-3.7492,14.66,74.20
2018-10-01,Mexico,23.6345,-102.5528,22.53,66.51
2018-10-01,Indonesia,-0.7893,113.9213,27.63,64.13
2018-10-01,Nigeria,9.082,8.6753,26.98,64.15
2018-10-01,Egypt,26.8206,30.8025,23.50,69.59
2018-10-01,Saudi Arabia,23.8859,45.0792,25.18,60.20
2018-10-01,Sweden,60.1282,18.6435,4.19,95.03
2018-10-01,Norway,60.472,8.4689,1.18,92.31
2018-10-01,Chile,-35.6751,-71.543,11.92,80.09
2018-10-01,New Zealand,-40.9006,174.886,11.24,76.90
2018-11-01,United States,37.0902,-95.7129,5.42,88.06
2018-11-01,Canada,56.1304,-106.3468,-14.63,100.00
2018-11-01,Brazil,-14.235,-51.9253,27.60,55.24
2018-11-01,United Kingdom,55.3781,-3.436,6.44,90.24
2018-11-01,Germany,51.1657,10.4515,3.47,83.80
2018-11-01,India,20.5937,78.9629,19.56,66.16
2018-11-01,China,35.8617,104.1954,6.31,84.07
2018-11-01,Australia,-25.2744,133.7751,27.58,57.05
2018-11-01,South Africa,-30.5595,22.9375,21.83,63.08
2018-11-01,Russia,61.524,105.3188,-16.14,100.00
2018-11-01,Japan,36.2048,138.2529,9.93,74.59
2018-11-01,Argentina,-38.4161,-63.6167,18.41,71.27
2018-11-01,France,46.2276,2.2137,6.98,86.22
2018-11-01,Italy,41.8719,12.5674,7.18,80.93
2018-11-01,Spain,40.4637,-3.7492,10.12,73.61
2018-11-01,Mexico,23.6345,-102.5528,18.55,71.68
2018-11-01,Indonesia,-0.7893,113.9213,27.20,65.63
2018-11-01,Nigeria,9.082,8.6753,24.70,63.76
2018-11-01,Egypt,26.8206,30.8025,17.60,71.43
2018-11-01,Saudi Arabia,23.8859,45.0792,17.89,72.63
2018-11-01,Sweden,60.1282,18.6435,-6.61,100.00
2018-11-01,Norway,60.472,8.4689,-5.35,100.00
2018-11-01,Chile,-35.6751,-71.543,16.97,77.30
2018-11-01,New Zealand,-40.9006,174.886,15.74,75.39
2018-12-01,United States,37.0902,-95.7129,-0.60,86.31
2018-12-01,Canada,56.1304,-106.3468,-21.40,100.00
2018-12-01,Brazil,-14.235,-51.9253,29.46,50.16
2018-12-01,United Kingdom,55.3781,-3.436,0.91,86.95
2018-12-01,Germany,51.1657,10.4515,-1.87,100.00
2018-12-01,India,20.5937,78.9629,16.32,73.72
2018-12-01,China,35.8617,104.1954,-1.59,100.00
2018-12-01,Australia,-25.2744,133.7751,30.54,50.51
2018-12-01,South Africa,-30.5595,22.9375,25.24,65.17
2018-12-01,Russia,61.524,105.3188,-26.33,100.00
2018-12-01,Japan,36.2048,138.2529,4.74,85.02
2018-12-01,Argentina,-38.4161,-63.6167,22.55,68.64
2018-12-01,France,46.2276,2.2137,1.49,92.83
2018-12-01,Italy,41.8719,12.5674,3.88,85.16
2018-12-01,Spain,40.4637,-3.7492,3.98,88.65
2018-12-01,Mexico,23.6345,-102.5528,13.74,69.79
2018-12-01,Indonesia,-0.7893,113.9213,29.44,64.39
2018-12-01,Nigeria,9.082,8.6753,24.83,57.65
2018-12-01,Egypt,26.8206,30.8025,12.60,78.67
2018-12-01,Saudi Arabia,23.8859,45.0792,11.57,78.71
2018-12-01,Sweden,60.1282,18.6435,-13.19,100.00
2018-12-01,Norway,60.472,8.4689,-9.59,100.00
2018-12-01,Chile,-35.6751,-71.543,19.47,71.85
2018-12-01,New Zealand,-40.9006,174.886,18.22,73.50
2019-01-01,United States,37.0902,-95.7129,-2.72,93.27
2019-01-01,Canada,56.1304,-106.3468,-23.88,100.00
2019-01-01,Brazil,-14.235,-51.9253,30.45,62.14
2019-01-01,United Kingdom,55.3781,-3.436,0.29,94.43
2019-01-01,Germany,51.1657,10.4515,-1.77,97.13
2019-01-01,India,20.5937,78.9629,15.05,67.58
2019-01-01,China,35.8617,104.1954,-2.50,94.44
2019-01-01,Australia,-25.2744,133.7751,32.73,53.63
2019-01-01,South Africa,-30.5595,22.9375,26.29,63.35
2019-01-01,Russia,61.524,105.3188,-28.49,100.00
2019-01-01,Japan,36.2048,138.2529,4.40,89.07
2019-01-01,Argentina,-38.4161,-63.6167,25.06,58.09
2019-01-01,France,46.2276,2.2137,1.14,92.90
2019-01-01,Italy,41.8719,12.5674,2.14,90.22
2019-01-01,Spain,40.4637,-3.7492,3.15,94.91
2019-01-01,Mexico,23.6345,-102.5528,13.68,77.30
2019-01-01,Indonesia,-0.7893,113.9213,28.85,51.60
2019-01-01,Nigeria,9.082,8.6753,23.06,65.82
2019-01-01,Egypt,26.8206,30.8025,12.47,83.14
2019-01-01,Saudi Arabia,23.8859,45.0792,9.79,77.56
2019-01-01,Sweden,60.1282,18.6435,-14.46,100.00
2019-01-01,Norway,60.472,8.4689,-12.12,100.00
2019-01-01,Chile,-35.6751,-71.543,20.80,72.77
2019-01-01,New Zealand,-40.9006,174.886,18.70,71.95
2019-02-01,United States,37.0902,-95.7129,-0.22,95.85
2019-02-01,Canada,56.1304,-106.3468,-22.47,100.00
2019-02-01,Brazil,-14.235,-51.9253,29.73,62.99
2019-02-01,United Kingdom,55.3781,-3.436,0.97,90.03
2019-02-01,Germany,51.1657,10.4515,-1.05,94.85
2019-02-01,India,20.5937,78.9629,16.48,70.38
2019-02-01,China,35.8617,104.1954,-2.34,100.00
2019-02-01,Australia,-25.2744,133.7751,32.15,55.80
2019-02-01,South Africa,-30.5595,22.9375,25.81,63.13
2019-02-01,Russia,61.524,105.3188,-26.11,100.00
2019-02-01,Japan,36.2048,138.2529,6.14,85.48
2019-02-01,Argentina,-38.4161,-63.6167,22.13,71.98
2019-02-01,France,46.2276,2.2137,3.40,81.70
2019-02-01,Italy,41.8719,12.5674,4.65,90.11
2019-02-01,Spain,40.4637,-3.7492,3.89,95.10
2019-02-01,Mexico,23.6345,-102.5528,13.28,80.46
2019-02-01,Indonesia,-0.7893,113.9213,29.31,55.77
2019-02-01,Nigeria,9.082,8.6753,22.94,70.66
2019-02-01,Egypt,26.8206,30.8025,14.24,82.60
2019-02-01,Saudi Arabia,23.8859,45.0792,13.53,69.58
2019-02-01,Sweden,60.1282,18.6435,-13.06,100.00
2019-02-01,Norway,60.472,8.4689,-10.59,100.00
2019-02-01,Chile,-35.6751,-71.543,18.71,64.26
2019-02-01,New Zealand,-40.9006,174.886,18.47,65.24
2019-03-01,United States,37.0902,-95.7129,4.35,89.07
2019-03-01,Canada,56.1304,-106.3468,-15.85,100.00
2019-03-01,Brazil,-14.235,-51.9253,28.00,60.56
2019-03-01,United Kingdom,55.3781,-3.436,4.32,89.27
2019-03-01,Germany,51.1657,10.4515,3.19,89.66
2019-03-01,India,20.5937,78.9629,18.78,74.00
2019-03-01,China,35.8617,104.1954,5.50,80.16
2019-03-01,Australia,-25.2744,133.7751,27.66,64.11
2019-03-01,South Africa,-30.5595,22.9375,23.56,57.93
2019-03-01,Russia,61.524,105.3188,-17.86,100.00
2019-03-01,Japan,36.2048,138.2529,9.94,86.03
2019-03-01,Argentina,-38.4161,-63.6167,19.69,67.51
2019-03-01,France,46.2276,2.2137,7.26,88.71
2019-03-01,Italy,41.8719,12.5674,8.60,87.24
2019-03-01,Spain,40.4637,-3.7492,8.89,88.53
2019-03-01,Mexico,23.6345,-102.5528,17.33,72.54
2019-03-01,Indonesia,-0.7893,113.9213,28.62,61.90
2019-03-01,Nigeria,9.082,8.6753,24.28,60.07
2019-03-01,Egypt,26.8206,30.8025,16.59,70.37
2019-03-01,Saudi Arabia,23.8859,45.0792,17.16,76.78
2019-03-01,Sweden,60.1282,18.6435,-5.55,100.00
2019-03-01,Norway,60.472,8.4689,-6.11,100.00
2019-03-01,Chile,-35.6751,-71.543,17.08,79.63
2019-03-01,New Zealand,-40.9006,174.886,16.33,74.23
2019-04-01,United States,37.0902,-95.7129,12.82,74.43
2019-04-01,Canada,56.1304,-106.3468,-4.84,100.00
2019-04-01,Brazil,-14.235,-51.9253,24.59,70.56
2019-04-01,United Kingdom,55.3781,-3.436,10.51,86.87
2019-04-01,Germany,51.1657,10.4515,9.45,84.51
2019-04-01,India,20.5937,78.9629,23.35,69.06
2019-04-01,China,35.8617,104.1954,14.08,70.88
2019-04-01,Australia,-25.2744,133.7751,23.41,58.50
2019-04-01,South Africa,-30.5595,22.9375,17.53,71.78
2019-04-01,Russia,61.524,105.3188,-4.87,94.66
2019-04-01,Japan,36.2048,138.2529,16.12,68.16
2019-04-01,Argentina,-38.4161,-63.6167,15.21,81.11
2019-04-01,France,46.2276,2.2137,10.63,80.78
2019-04-01,Italy,41.8719,12.5674,13.64,75.07
2019-04-01,Spain,40.4637,-3.7492,16.42,74.58
2019-04-01,Mexico,23.6345,-102.5528,21.58,69.04
2019-04-01,Indonesia,-0.7893,113.9213,27.14,54.55
2019-04-01,Nigeria,9.082,8.6753,28.28,58.37
2019-04-01,Egypt,26.8206,30.8025,23.36,66.30
2019-04-01,Saudi Arabia,23.8859,45.0792,25.11,69.15
2019-04-01,Sweden,60.1282,18.6435,2.31,85.74
2019-04-01,Norway,60.472,8.4689,2.35,94.93
2019-04-01,Chile,-35.6751,-71.543,12.65,76.26
2019-04-01,New Zealand,-40.9006,174.886,11.34,84.61
2019-05-01,United States,37.0902,-95.7129,19.01,72.50
2019-05-01,Canada,56.1304,-106.3468,6.26,79.24
2019-05-01,Brazil,-14.235,-51.9253,22.17,59.95
2019-05-01,United Kingdom,55.3781,-3.436,15.47,80.15
2019-05-01,Germany,51.1657,10.4515,14.24,82.28
2019-05-01,India,20.5937,78.9629,30.27,50.91
2019-05-01,China,35.8617,104.1954,23.02,63.56
2019-05-01,Australia,-25.2744,133.7751,17.16,67.06
2019-05-01,South Africa,-30.5595,22.9375,15.60,74.20
2019-05-01,Russia,61.524,105.3188,7.53,79.71
2019-05-01,Japan,36.2048,138.2529,21.45,60.14
2019-05-01,Argentina,-38.4161,-63.6167,8.28,81.55
2019-05-01,France,46.2276,2.2137,15.20,72.78
2019-05-01,Italy,41.8719,12.5674,20.17,66.30
2019-05-01,Spain,40.4637,-3.7492,21.48,59.99
2019-05-01,Mexico,23.6345,-102.5528,25.12,64.20
2019-05-01,Indonesia,-0.7893,113.9213,25.45,63.23
2019-05-01,Nigeria,9.082,8.6753,30.56,59.44
2019-05-01,Egypt,26.8206,30.8025,28.24,63.08
2019-05-01,Saudi Arabia,23.8859,45.0792,33.31,56.00
2019-05-01,Sweden,60.1282,18.6435,12.87,74.58
2019-05-01,Norway,60.472,8.4689,9.57,74.74
2019-05-01,Chile,-35.6751,-71.543,7.43,76.91
2019-05-01,New Zealand,-40.9006,174.886,6.35,84.94
2019-06-01,United States,37.0902,-95.7129,25.51,56.12
2019-06-01,Canada,56.1304,-106.3468,12.24,72.08
2019-06-01,Brazil,-14.235,-51.9253,22.24,66.79
2019-06-01,United Kingdom,55.3781,-3.436,18.61,72.08
2019-06-01,Germany,51.1657,10.4515,19.65,67.40
2019-06-01,India,20.5937,78.9629,32.10,51.16
2019-06-01,China,35.8617,104.1954,29.52,50.42
2019-06-01,Australia,-25.2744,133.7751,12.54,76.17
2019-06-01,South Africa,-30.5595,22.9375,11.78,79.15
2019-06-01,Russia,61.524,105.3188,16.18,79.22
2019-06-01,Japan,36.2048,138.2529,26.11,55.89
2019-06-01,Argentina,-38.4161,-63.6167,6.30,79.07
2019-06-01,France,46.2276,2.2137,21.14,69.90
2019-06-01,Italy,41.8719,12.5674,25.46,59.32
2019-06-01,Spain,40.4637,-3.7492,25.39,63.22
2019-06-01,Mexico,23.6345,-102.5528,29.39,63.02
2019-06-01,Indonesia,-0.7893,113.9213,26.85,66.27
2019-06-01,Nigeria,9.082,8.6753,31.21,51.33
2019-06-01,Egypt,26.8206,30.8025,31.69,62.29
2019-06-01,Saudi Arabia,23.8859,45.0792,38.02,42.43
2019-06-01,Sweden,60.1282,18.6435,18.75,75.22
2019-06-01,Norway,60.472,8.4689,16.07,75.97
2019-06-01,Chile,-35.6751,-71.543,5.64,79.30
2019-06-01,New Zealand,-40.9006,174.886,4.61,81.31
2019-07-01,United States,37.0902,-95.7129,26.13,68.55
2019-07-01,Canada,56.1304,-106.3468,15.04,74.30
2019-07-01,Brazil,-14.235,-51.9253,20.89,72.36
2019-07-01,United Kingdom,55.3781,-3.436,19.78,71.27
2019-07-01,Germany,51.1657,10.4515,21.61,62.10
2019-07-01,India,20.5937,78.9629,34.04,54.27
2019-07-01,China,35.8617,104.1954,32.62,55.09
2019-07-01,Australia,-25.2744,133.7751,12.95,70.06
2019-07-01,South Africa,-30.5595,22.9375,9.82,80.60
2019-07-01,Russia,61.524,105.3188,20.73,74.14
2019-07-01,Japan,36.2048,138.2529,27.31,57.06
2019-07-01,Argentina,-38.4161,-63.6167,3.32,93.41
2019-07-01,France,46.2276,2.2137,22.21,61.06
2019-07-01,Italy,41.8719,12.5674,26.78,59.17
2019-07-01,Spain,40.4637,-3.7492,27.70,55.71
2019-07-01,Mexico,23.6345,-102.5528,30.05,54.66
2019-07-01,Indonesia,-0.7893,113.9213,25.38,69.35
2019-07-01,Nigeria,9.082,8.6753,30.15,62.34
2019-07-01,Egypt,26.8206,30.8025,32.34,55.58
2019-07-01,Saudi Arabia,23.8859,45.0792,39.85,39.63
2019-07-01,Sweden,60.1282,18.6435,21.97,72.16
2019-07-01,Norway,60.472,8.4689,17.63,71.32
2019-07-01,Chile,-35.6751,-71.543,3.73,86.76
2019-07-01,New Zealand,-40.9006,174.886,4.36,85.81
2019-08-01,United States,37.0902,-95.7129,25.89,63.49
2019-08-01,Canada,56.1304,-106.3468,12.81,72.72
2019-08-01,Brazil,-14.235,-51.9253,21.08,64.92
2019-08-01,United Kingdom,55.3781,-3.436,19.97,67.50
2019-08-01,Germany,51.1657,10.4515,18.83,71.23
2019-08-01,India,20.5937,78.9629,32.06,56.26
2019-08-01,China,35.8617,104.1954,31.12,62.05
2019-08-01,Australia,-25.2744,133.7751,14.26,80.49
2019-08-01,South Africa,-30.5595,22.9375,10.23,76.88
2019-08-01,Russia,61.524,105.3188,17.15,73.12
2019-08-01,Japan,36.2048,138.2529,24.52,69.23
2019-08-01,Argentina,-38.4161,-63.6167,6.48,90.03
2019-08-01,France,46.2276,2.2137,20.40,66.63
2019-08-01,Italy,41.8719,12.5674,24.13,57.11
2019-08-01,Spain,40.4637,-3.7492,26.97,56.82
2019-08-01,Mexico,23.6345,-102.5528,28.30,55.19
2019-08-01,Indonesia,-0.7893,113.9213,26.72,64.16
2019-08-01,Nigeria,9.082,8.6753,30.88,61.18
2019-08-01,Egypt,26.8206,30.8025,31.30,50.56
2019-08-01,Saudi Arabia,23.8859,45.0792,37.45,54.90
2019-08-01,Sweden,60.1282,18.6435,18.75,64.85
2019-08-01,Norway,60.472,8.4689,16.15,75.50
2019-08-01,Chile,-35.6751,-71.543,6.67,83.27
2019-08-01,New Zealand,-40.9006,174.886,5.31,82.40
2019-09-01,United States,37.0902,-95.7129,19.37,70.30
2019-09-01,Canada,56.1304,-106.3468,4.20,94.49
2019-09-01,Brazil,-14.235,-51.9253,24.00,60.01
2019-09-01,United Kingdom,55.3781,-3.436,14.58,82.74
2019-09-01,Germany,51.1657,10.4515,15.73,81.23
2019-09-01,India,20.5937,78.9629,28.98,52.60
2019-09-01,China,35.8617,104.1954,23.85,67.68
2019-09-01,Australia,-25.2744,133.7751,17.05,71.70
2019-09-01,South Africa,-30.5595,22.9375,15.55,73.62
2019-09-01,Russia,61.524,105.3188,7.41,90.70
2019-09-01,Japan,36.2048,138.2529,21.79,71.25
2019-09-01,Argentina,-38.4161,-63.6167,8.61,76.03
2019-09-01,France,46.2276,2.2137,16.95,76.20
2019-09-01,Italy,41.8719,12.5674,20.08,72.99
2019-09-01,Spain,40.4637,-3.7492,21.80,64.35
2019-09-01,Mexico,23.6345,-102.5528,25.32,61.11
2019-09-01,Indonesia,-0.7893,113.9213,25.76,66.96
2019-09-01,Nigeria,9.082,8.6753,28.77,54.07
2019-09-01,Egypt,26.8206,30.8025,26.47,64.26
2019-09-01,Saudi Arabia,23.8859,45.0792,32.36,47.96
2019-09-01,Sweden,60.1282,18.6435,11.72,83.82
2019-09-01,Norway,60.472,8.4689,9.35,78.37
2019-09-01,Chile,-35.6751,-71.543,8.31,87.05
2019-09-01,New Zealand,-40.9006,174.886,8.18,77.85
2019-10-01,United States,37.0902,-95.7129,12.57,78.48
2019-10-01,Canada,56.1304,-106.3468,-4.01,100.00
2019-10-01,Brazil,-14.235,-51.9253,24.34,69.53
2019-10-01,United Kingdom,55.3781,-3.436,9.82,77.29
2019-10-01,Germany,51.1657,10.4515,9.46,88.97
2019-10-01,India,20.5937,78.9629,23.25,68.05
2019-10-01,China,35.8617,104.1954,13.79,71.56
2019-10-01,Australia,-25.2744,133.7751,23.32,64.52
2019-10-01,South Africa,-30.5595,22.9375,17.51,64.74
2019-10-01,Russia,61.524,105.3188,-5.54,94.38
2019-10-01,Japan,36.2048,138.2529,16.26,70.83
2019-10-01,Argentina,-38.4161,-63.6167,14.60,82.03
2019-10-01,France,46.2276,2.2137,10.53,85.66
2019-10-01,Italy,41.8719,12.5674,13.93,72.38
2019-10-01,Spain,40.4637,-3.7492,14.28,74.42
2019-10-01,Mexico,23.6345,-102.5528,22.25,61.74
2019-10-01,Indonesia,-0.7893,113.9213,28.04,65.38
2019-10-01,Nigeria,9.082,8.6753,28.51,61.16
2019-10-01,Egypt,26.8206,30.8025,22.13,63.27
2019-10-01,Saudi Arabia,23.8859,45.0792,25.08,61.05
2019-10-01,Sweden,60.1282,18.6435,2.68,87.28
2019-10-01,Norway,60.472,8.4689,2.31,86.90
2019-10-01,Chile,-35.6751,-71.543,13.31,84.48
2019-10-01,New Zealand,-40.9006,174.886,11.34,81.71
2019-11-01,United States,37.0902,-95.7129,3.68,94.59
2019-11-01,Canada,56.1304,-106.3468,-14.38,100.00
2019-11-01,Brazil,-14.235,-51.9253,26.98,67.58
2019-11-01,United Kingdom,55.3781,-3.436,5.06,86.53
2019-11-01,Germany,51.1657,10.4515,3.25,84.59
2019-11-01,India,20.5937,78.9629,19.26,68.87
2019-11-01,China,35.8617,104.1954,5.64,85.58
2019-11-01,Australia,-25.2744,133.7751,26.86,65.35
2019-11-01,South Africa,-30.5595,22.9375,22.71,58.40
2019-11-01,Russia,61.524,105.3188,-16.06,100.00
2019-11-01,Japan,36.2048,138.2529,8.54,82.41
2019-11-01,Argentina,-38.4161,-63.6167,19.05,67.81
2019-11-01,France,46.2276,2.2137,6.91,80.74
2019-11-01,Italy,41.8719,12.5674,9.02,82.78
2019-11-01,Spain,40.4637,-3.7492,8.38,85.56
2019-11-01,Mexico,23.6345,-102.5528,16.46,68.89
2019-11-01,Indonesia,-0.7893,113.9213,29.59,64.83
2019-11-01,Nigeria,9.082,8.6753,24.33,62.57
2019-11-01,Egypt,26.8206,30.8025,16.11,78.30
2019-11-01,Saudi Arabia,23.8859,45.0792,16.80,74.83
2019-11-01,Sweden,60.1282,18.6435,-6.60,100.00
2019-11-01,Norway,60.472,8.4689,-6.10,100.00
2019-11-01,Chile,-35.6751,-71.543,15.77,74.56
2019-11-01,New Zealand,-40.9006,174.886,15.97,70.50
2019-12-01,United States,37.0902,-95.7129,0.46,98.65
2019-12-01,Canada,56.1304,-106.3468,-20.90,100.00
2019-12-01,Brazil,-14.235,-51.9253,30.65,57.73
2019-12-01,United Kingdom,55.3781,-3.436,1.73,92.19
2019-12-01,Germany,51.1657,10.4515,-0.32,100.00
2019-12-01,India,20.5937,78.9629,15.43,70.07
2019-12-01,China,35.8617,104.1954,-0.58,99.50
2019-12-01,Australia,-25.2744,133.7751,30.14,52.69
2019-12-01,South Africa,-30.5595,22.9375,25.49,69.55
2019-12-01,Russia,61.524,105.3188,-26.69,100.00
2019-12-01,Japan,36.2048,138.2529,6.02,83.83
2019-12-01,Argentina,-38.4161,-63.6167,21.88,71.24
2019-12-01,France,46.2276,2.2137,2.63,90.39
2019-12-01,Italy,41.8719,12.5674,2.94,84.02
2019-12-01,Spain,40.4637,-3.7492,4.71,86.90
2019-12-01,Mexico,23.6345,-102.5528,15.01,74.61
2019-12-01,Indonesia,-0.7893,113.9213,28.31,64.50
2019-12-01,Nigeria,9.082,8.6753,24.95,57.70
2019-12-01,Egypt,26.8206,30.8025,14.36,74.91
2019-12-01,Saudi Arabia,23.8859,45.0792,13.21,70.60
2019-12-01,Sweden,60.1282,18.6435,-12.38,100.00
2019-12-01,Norway,60.472,8.4689,-10.45,100.00
2019-12-01,Chile,-35.6751,-71.543,18.10,73.93
2019-12-01,New Zealand,-40.9006,174.886,19.17,74.78
2020-01-01,United States,37.0902,-95.7129,-2.88,96.14
2020-01-01,Canada,56.1304,-106.3468,-24.69,100.00
2020-01-01,Brazil,-14.235,-51.9253,29.54,57.39
2020-01-01,United Kingdom,55.3781,-3.436,0.36,90.88
2020-01-01,Germany,51.1657,10.4515,-1.40,88.71
2020-01-01,India,20.5937,78.9629,14.21,79.29
2020-01-01,China,35.8617,104.1954,-2.92,100.00
2020-01-01,Australia,-25.2744,133.7751,32.08,55.73
2020-01-01,South Africa,-30.5595,22.9375,26.46,64.59
2020-01-01,Russia,61.524,105.3188,-29.71,100.00
2020-01-01,Japan,36.2048,138.2529,2.44,84.91
2020-01-01,Argentina,-38.4161,-63.6167,24.27,62.55
2020-01-01,France,46.2276,2.2137,0.20,98.86
2020-01-01,Italy,41.8719,12.5674,1.86,85.47
2020-01-01,Spain,40.4637,-3.7492,4.20,94.04
2020-01-01,Mexico,23.6345,-102.5528,12.91,74.02
2020-01-01,Indonesia,-0.7893,113.9213,28.43,53.55
2020-01-01,Nigeria,9.082,8.6753,23.18,63.65
2020-01-01,Egypt,26.8206,30.8025,13.06,72.80
2020-01-01,Saudi Arabia,23.8859,45.0792,11.04,86.88
2020-01-01,Sweden,60.1282,18.6435,-15.05,100.00
2020-01-01,Norway,60.472,8.4689,-12.07,100.00
2020-01-01,Chile,-35.6751,-71.543,19.81,62.16
2020-01-01,New Zealand,-40.9006,174.886,19.11,76.73
2020-02-01,United States,37.0902,-95.7129,0.24,94.29
2020-02-01,Canada,56.1304,-106.3468,-21.83,100.00
2020-02-01,Brazil,-14.235,-51.9253,29.56,56.36
2020-02-01,United Kingdom,55.3781,-3.436,0.73,88.74
2020-02-01,Germany,51.1657,10.4515,-1.18,100.00
2020-02-01,India,20.5937,78.9629,16.39,78.34
2020-02-01,China,35.8617,104.1954,-1.99,91.96
2020-02-01,Australia,-25.2744,133.7751,30.75,55.91
2020-02-01,South Africa,-30.5595,22.9375,25.17,62.79
2020-02-01,Russia,61.524,105.3188,-25.18,100.00
2020-02-01,Japan,36.2048,138.2529,5.25,83.66
2020-02-01,Argentina,-38.4161,-63.6167,23.55,70.66
2020-02-01,France,46.2276,2.2137,1.69,84.29
2020-02-01,Italy,41.8719,12.5674,3.97,92.89
2020-02-01,Spain,40.4637,-3.7492,4.31,81.38
2020-02-01,Mexico,23.6345,-102.5528,14.37,82.10
2020-02-01,Indonesia,-0.7893,113.9213,29.65,60.99
2020-02-01,Nigeria,9.082,8.6753,23.82,66.97
2020-02-01,Egypt,26.8206,30.8025,13.49,74.14
2020-02-01,Saudi Arabia,23.8859,45.0792,12.73,73.00
2020-02-01,Sweden,60.1282,18.6435,-11.51,100.00
2020-02-01,Norway,60.472,8.4689,-11.69,100.00
2020-02-01,Chile,-35.6751,-71.543,20.25,63.48
2020-02-01,New Zealand,-40.9006,174.886,19.45,64.29
2020-03-01,United States,37.0902,-95.7129,5.26,89.13
2020-03-01,Canada,56.1304,-106.3468,-13.74,100.00
2020-03-01,Brazil,-14.235,-51.9253,28.83,64.46
2020-03-01,United Kingdom,55.3781,-3.436,5.92,81.45
2020-03-01,Germany,51.1657,10.4515,3.72,90.31
2020-03-01,India,20.5937,78.9629,20.03,75.51
2020-03-01,China,35.8617,104.1954,4.85,81.72
2020-03-01,Australia,-25.2744,133.7751,27.53,59.83
2020-03-01,South Africa,-30.5595,22.9375,22.60,70.55
2020-03-01,Russia,61.524,105.3188,-17.42,100.00
2020-03-01,Japan,36.2048,138.2529,10.46,80.79
2020-03-01,Argentina,-38.4161,-63.6167,18.47,71.35
2020-03-01,France,46.2276,2.2137,5.78,91.15
2020-03-01,Italy,41.8719,12.5674,9.29,75.09
2020-03-01,Spain,40.4637,-3.7492,9.76,74.80
2020-03-01,Mexico,23.6345,-102.5528,17.97,65.05
2020-03-01,Indonesia,-0.7893,113.9213,28.48,61.73
2020-03-01,Nigeria,9.082,8.6753,25.31,68.01
2020-03-01,Egypt,26.8206,30.8025,16.48,73.62
2020-03-01,Saudi Arabia,23.8859,45.0792,18.76,71.13
2020-03-01,Sweden,60.1282,18.6435,-6.71,100.00
2020-03-01,Norway,60.472,8.4689,-3.99,100.00
2020-03-01,Chile,-35.6751,-71.543,16.03,73.33
2020-03-01,New Zealand,-40.9006,174.886,14.76,78.12
2020-04-01,United States,37.0902,-95.7129,11.54,75.44
2020-04-01,Canada,56.1304,-106.3468,-3.81,91.90
2020-04-01,Brazil,-14.235,-51.9253,24.21,62.23
2020-04-01,United Kingdom,55.3781,-3.436,10.65,86.63
2020-04-01,Germany,51.1657,10.4515,8.58,84.13
2020-04-01,India,20.5937,78.9629,24.24,63.19
2020-04-01,China,35.8617,104.1954,13.27,74.98
2020-04-01,Australia,-25.2744,133.7751,23.28,68.55
2020-04-01,South Africa,-30.5595,22.9375,18.87,77.47
2020-04-01,Russia,61.524,105.3188,-4.41,94.68
2020-04-01,Japan,36.2048,138.2529,15.03,73.16
2020-04-01,Argentina,-38.4161,-63.6167,14.01,80.76
2020-04-01,France,46.2276,2.2137,11.25,82.83
2020-04-01,Italy,41.8719,12.5674,14.87,77.96
2020-04-01,Spain,40.4637,-3.7492,14.38,73.19
2020-04-01,Mexico,23.6345,-102.5528,20.46,75.29
2020-04-01,Indonesia,-0.7893,113.9213,26.44,56.82
2020-04-01,Nigeria,9.082,8.6753,26.82,53.33
2020-04-01,Egypt,26.8206,30.8025,23.35,69.92
2020-04-01,Saudi Arabia,23.8859,45.0792,25.67,66.10
2020-04-01,Sweden,60.1282,18.6435,4.22,84.79
2020-04-01,Norway,60.472,8.4689,1.79,97.42
2020-04-01,Chile,-35.6751,-71.543,13.29,78.34
2020-04-01,New Zealand,-40.9006,174.886,10.95,78.89
2020-05-01,United States,37.0902,-95.7129,20.00,63.04
2020-05-01,Canada,56.1304,-106.3468,4.94,80.18
2020-05-01,Brazil,-14.235,-51.9253,23.26,57.60
2020-05-01,United Kingdom,55.3781,-3.436,16.36,72.03
2020-05-01,Germany,51.1657,10.4515,15.74,76.69
2020-05-01,India,20.5937,78.9629,30.08,64.17
2020-05-01,China,35.8617,104.1954,23.73,58.66
2020-05-01,Australia,-25.2744,133.7751,16.60,67.17
2020-05-01,South Africa,-30.5595,22.9375,14.12,79.30
2020-05-01,Russia,61.524,105.3188,8.98,80.33
2020-05-01,Japan,36.2048,138.2529,21.07,73.35
2020-05-01,Argentina,-38.4161,-63.6167,10.23,84.34
2020-05-01,France,46.2276,2.2137,17.62,68.75
2020-05-01,Italy,41.8719,12.5674,21.62,67.59
2020-05-01,Spain,40.4637,-3.7492,20.23,67.71
2020-05-01,Mexico,23.6345,-102.5528,26.31,63.37
2020-05-01,Indonesia,-0.7893,113.9213,27.54,54.15
2020-05-01,Nigeria,9.082,8.6753,28.96,51.34
2020-05-01,Egypt,26.8206,30.8025,27.18,62.17
2020-05-01,Saudi Arabia,23.8859,45.0792,33.31,50.85
2020-05-01,Sweden,60.1282,18.6435,11.45,81.31
2020-05-01,Norway,60.472,8.4689,10.45,81.47
2020-05-01,Chile,-35.6751,-71.543,9.42,81.38
2020-05-01,New Zealand,-40.9006,174.886,7.75,85.19
2020-06-01,United States,37.0902,-95.7129,24.61,57.51
2020-06-01,Canada,56.1304,-106.3468,11.94,78.82
2020-06-01,Brazil,-14.235,-51.9253,21.43,72.58
2020-06-01,United Kingdom,55.3781,-3.436,19.72,67.54
2020-06-01,Germany,51.1657,10.4515,18.81,68.50
2020-06-01,India,20.5937,78.9629,32.77,53.53
2020-06-01,China,35.8617,104.1954,30.34,51.31
2020-06-01,Australia,-25.2744,133.7751,12.97,70.87
2020-06-01,South Africa,-30.5595,22.9375,10.28,74.63
2020-06-01,Russia,61.524,105.3188,17.02,70.28
2020-06-01,Japan,36.2048,138.2529,24.61,67.40
2020-06-01,Argentina,-38.4161,-63.6167,6.24,84.79
2020-06-01,France,46.2276,2.2137,19.47,76.16
2020-06-01,Italy,41.8719,12.5674,24.96,59.08
2020-06-01,Spain,40.4637,-3.7492,24.64,56.53
2020-06-01,Mexico,23.6345,-102.5528,27.20,54.30
2020-06-01,Indonesia,-0.7893,113.9213,24.49,58.61
2020-06-01,Nigeria,9.082,8.6753,31.43,59.50
2020-06-01,Egypt,26.8206,30.8025,29.88,62.38
2020-06-01,Saudi Arabia,23.8859,45.0792,39.21,50.76
2020-06-01,Sweden,60.1282,18.6435,18.94,69.51
2020-06-01,Norway,60.472,8.4689,14.40,74.62
2020-06-01,Chile,-35.6751,-71.543,5.58,79.09
2020-06-01,New Zealand,-40.9006,174.886,4.32,85.77
2020-07-01,United States,37.0902,-95.7129,27.53,56.01
2020-07-01,Canada,56.1304,-106.3468,15.63,78.12
2020-07-01,Brazil,-14.235,-51.9253,20.58,71.91
2020-07-01,United Kingdom,55.3781,-3.436,19.20,74.79
2020-07-01,Germany,51.1657,10.4515,21.00,67.15
2020-07-01,India,20.5937,78.9629,35.18,53.72
2020-07-01,China,35.8617,104.1954,32.57,59.50
2020-07-01,Australia,-25.2744,133.7751,11.98,77.30
2020-07-01,South Africa,-30.5595,22.9375,10.77,73.57
2020-07-01,Russia,61.524,105.3188,19.54,75.61
2020-07-01,Japan,36.2048,138.2529,26.68,68.34
2020-07-01,Argentina,-38.4161,-63.6167,3.97,92.61
2020-07-01,France,46.2276,2.2137,20.93,74.58
2020-07-01,Italy,41.8719,12.5674,26.40,66.84
2020-07-01,Spain,40.4637,-3.7492,26.40,62.51
2020-07-01,Mexico,23.6345,-102.5528,29.29,51.10
2020-07-01,Indonesia,-0.7893,113.9213,25.68,68.94
2020-07-01,Nigeria,9.082,8.6753,30.99,62.56
2020-07-01,Egypt,26.8206,30.8025,31.28,59.63
2020-07-01,Saudi Arabia,23.8859,45.0792,39.62,43.95
2020-07-01,Sweden,60.1282,18.6435,21.68,73.64
2020-07-01,Norway,60.472,8.4689,16.20,75.49
2020-07-01,Chile,-35.6751,-71.543,5.18,88.05
2020-07-01,New Zealand,-40.9006,174.886,4.23,93.38
2020-08-01,United States,37.0902,-95.7129,25.71,55.86
2020-08-01,Canada,56.1304,-106.3468,13.11,73.51
2020-08-01,Brazil,-14.235,-51.9253,21.63,73.82
2020-08-01,United Kingdom,55.3781,-3.436,18.38,71.40
2020-08-01,Germany,51.1657,10.4515,18.96,64.94
2020-08-01,India,20.5937,78.9629,33.44,51.57
2020-08-01,China,35.8617,104.1954,30.04,62.54
2020-08-01,Australia,-25.2744,133.7751,12.63,75.46
2020-08-01,South Africa,-30.5595,22.9375,11.65,77.81
2020-08-01,Russia,61.524,105.3188,18.02,68.37
2020-08-01,Japan,36.2048,138.2529,26.40,64.13
2020-08-01,Argentina,-38.4161,-63.6167,6.66,79.01
2020-08-01,France,46.2276,2.2137,18.98,63.14
2020-08-01,Italy,41.8719,12.5674,24.44,64.94
2020-08-01,Spain,40.4637,-3.7492,26.03,55.92
2020-08-01,Mexico,23.6345,-102.5528,28.88,59.83
2020-08-01,Indonesia,-0.7893,113.9213,25.54,56.68
2020-08-01,Nigeria,9.082,8.6753,29.95,63.13
2020-08-01,Egypt,26.8206,30.8025,31.87,47.32
2020-08-01,Saudi Arabia,23.8859,45.0792,37.55,53.39
2020-08-01,Sweden,60.1282,18.6435,18.62,77.06
2020-08-01,Norway,60.472,8.4689,14.67,69.42
2020-08-01,Chile,-35.6751,-71.543,6.35,87.56
2020-08-01,New Zealand,-40.9006,174.886,3.36,86.01
2020-09-01,United States,37.0902,-95.7129,19.94,74.72
2020-09-01,Canada,56.1304,-106.3468,5.33,91.69
2020-09-01,Brazil,-14.235,-51.9253,22.64,67.06
2020-09-01,United Kingdom,55.3781,-3.436,15.93,76.45
2020-09-01,Germany,51.1657,10.4515,15.48,74.19
2020-09-01,India,20.5937,78.9629,28.83,65.39
2020-09-01,China,35.8617,104.1954,22.24,69.92
2020-09-01,Australia,-25.2744,133.7751,16.55,72.37
2020-09-01,South Africa,-30.5595,22.9375,14.22,75.79
2020-09-01,Russia,61.524,105.3188,8.07,81.52
2020-09-01,Japan,36.2048,138.2529,22.35,67.40
2020-09-01,Argentina,-38.4161,-63.6167,9.85,86.34
2020-09-01,France,46.2276,2.2137,15.33,79.55
2020-09-01,Italy,41.8719,12.5674,20.26,64.02
2020-09-01,Spain,40.4637,-3.7492,21.48,73.21
2020-09-01,Mexico,23.6345,-102.5528,24.30,58.62
2020-09-01,Indonesia,-0.7893,113.9213,25.35,60.39
2020-09-01,Nigeria,9.082,8.6753,29.38,61.36
2020-09-01,Egypt,26.8206,30.8025,28.00,64.14
2020-09-01,Saudi Arabia,23.8859,45.0792,33.63,59.06
2020-09-01,Sweden,60.1282,18.6435,12.86,74.11
2020-09-01,Norway,60.472,8.4689,10.97,83.80
2020-09-01,Chile,-35.6751,-71.543,8.54,87.21
2020-09-01,New Zealand,-40.9006,174.886,6.16,88.50
2020-10-01,United States,37.0902,-95.7129,13.54,76.84
2020-10-01,Canada,56.1304,-106.3468,-4.62,100.00
2020-10-01,Brazil,-14.235,-51.9253,25.27,60.24
2020-10-01,United Kingdom,55.3781,-3.436,11.06,85.76
2020-10-01,Germany,51.1657,10.4515,8.77,79.14
2020-10-01,India,20.5937,78.9629,24.64,69.55
2020-10-01,China,35.8617,104.1954,14.52,73.06
2020-10-01,Australia,-25.2744,133.7751,21.46,65.21
2020-10-01,South Africa,-30.5595,22.9375,18.59,68.26
2020-10-01,Russia,61.524,105.3188,-4.43,100.00
2020-10-01,Japan,36.2048,138.2529,15.10,78.01
2020-10-01,Argentina,-38.4161,-63.6167,14.84,68.03
2020-10-01,France,46.2276,2.2137,11.91,73.49
2020-10-01,Italy,41.8719,12.5674,14.06,79.36
2020-10-01,Spain,40.4637,-3.7492,15.99,73.02
2020-10-01,Mexico,23.6345,-102.5528,20.24,75.77
2020-10-01,Indonesia,-0.7893,113.9213,26.38,59.77
2020-10-01,Nigeria,9.082,8.6753,27.14,66.56
2020-10-01,Egypt,26.8206,30.8025,22.86,67.24
2020-10-01,Saudi Arabia,23.8859,45.0792,25.06,68.77
2020-10-01,Sweden,60.1282,18.6435,4.59,81.49
2020-10-01,Norway,60.472,8.4689,2.89,87.68
2020-10-01,Chile,-35.6751,-71.543,13.38,75.48
2020-10-01,New Zealand,-40.9006,174.886,11.07,76.41
2020-11-01,United States,37.0902,-95.7129,4.75,92.17
2020-11-01,Canada,56.1304,-106.3468,-15.68,100.00
2020-11-01,Brazil,-14.235,-51.9253,26.83,62.96
2020-11-01,United Kingdom,55.3781,-3.436,4.77,85.29
2020-11-01,Germany,51.1657,10.4515,2.97,91.69
2020-11-01,India,20.5937,78.9629,19.56,71.94
2020-11-01,China,35.8617,104.1954,6.17,83.59
2020-11-01,Australia,-25.2744,133.7751,26.56,55.29
2020-11-01,South Africa,-30.5595,22.9375,23.35,62.18
2020-11-01,Russia,61.524,105.3188,-15.85,100.00
2020-11-01,Japan,36.2048,138.2529,8.97,78.44
2020-11-01,Argentina,-38.4161,-63.6167,18.92,68.97
2020-11-01,France,46.2276,2.2137,6.93,91.31
2020-11-01,Italy,41.8719,12.5674,8.63,89.05
2020-11-01,Spain,40.4637,-3.7492,10.17,76.95
2020-11-01,Mexico,23.6345,-102.5528,17.50,66.64
2020-11-01,Indonesia,-0.7893,113.9213,29.51,54.56
2020-11-01,Nigeria,9.082,8.6753,25.45,57.32
2020-11-01,Egypt,26.8206,30.8025,18.63,72.68
2020-11-01,Saudi Arabia,23.8859,45.0792,19.01,73.87
2020-11-01,Sweden,60.1282,18.6435,-6.57,95.55
2020-11-01,Norway,60.472,8.4689,-5.51,100.00
2020-11-01,Chile,-35.6751,-71.543,17.08,76.65
2020-11-01,New Zealand,-40.9006,174.886,16.46,72.51
2020-12-01,United States,37.0902,-95.7129,0.21,97.09
2020-12-01,Canada,56.1304,-106.3468,-21.58,100.00
2020-12-01,Brazil,-14.235,-51.9253,28.78,65.09
2020-12-01,United Kingdom,55.3781,-3.436,1.32,84.29
2020-12-01,Germany,51.1657,10.4515,-1.73,96.19
2020-12-01,India,20.5937,78.9629,16.30,74.82
2020-12-01,China,35.8617,104.1954,-1.93,88.86
2020-12-01,Australia,-25.2744,133.7751,31.09,61.66
2020-12-01,South Africa,-30.5595,22.9375,24.49,66.94
2020-12-01,Russia,61.524,105.3188,-25.44,100.00
2020-12-01,Japan,36.2048,138.2529,5.46,86.44
2020-12-01,Argentina,-38.4161,-63.6167,23.84,66.26
2020-12-01,France,46.2276,2.2137,1.51,96.84
2020-12-01,Italy,41.8719,12.5674,2.95,92.48
2020-12-01,Spain,40.4637,-3.7492,4.13,89.00
2020-12-01,Mexico,23.6345,-102.5528,14.35,75.30
2020-12-01,Indonesia,-0.7893,113.9213,29.59,60.10
2020-12-01,Nigeria,9.082,8.6753,24.86,70.57
2020-12-01,Egypt,26.8206,30.8025,14.47,76.57
2020-12-01,Saudi Arabia,23.8859,45.0792,13.41,84.10
2020-12-01,Sweden,60.1282,18.6435,-12.33,100.00
2020-12-01,Norway,60.472,8.4689,-11.60,100.00
2020-12-01,Chile,-35.6751,-71.543,20.30,66.61
2020-12-01,New Zealand,-40.9006,174.886,17.10,76.99
2021-01-01,United States,37.0902,-95.7129,-3.51,100.00
2021-01-01,Canada,56.1304,-106.3468,-24.39,100.00
2021-01-01,Brazil,-14.235,-51.9253,30.68,58.28
2021-01-01,United Kingdom,55.3781,-3.436,0.20,85.28
2021-01-01,Germany,51.1657,10.4515,-2.41,92.45
2021-01-01,India,20.5937,78.9629,14.58,78.25
2021-01-01,China,35.8617,104.1954,-2.59,97.45
2021-01-01,Australia,-25.2744,133.7751,33.19,55.69
2021-01-01,South Africa,-30.5595,22.9375,26.89,65.11
2021-01-01,Russia,61.524,105.3188,-30.35,100.00
2021-01-01,Japan,36.2048,138.2529,2.38,94.38
2021-01-01,Argentina,-38.4161,-63.6167,25.35,56.98
2021-01-01,France,46.2276,2.2137,1.59,90.25
2021-01-01,Italy,41.8719,12.5674,3.41,83.82
2021-01-01,Spain,40.4637,-3.7492,3.93,90.36
2021-01-01,Mexico,23.6345,-102.5528,12.40,80.71
2021-01-01,Indonesia,-0.7893,113.9213,30.29,51.73
2021-01-01,Nigeria,9.082,8.6753,22.71,66.25
2021-01-01,Egypt,26.8206,30.8025,13.24,72.53
2021-01-01,Saudi Arabia,23.8859,45.0792,11.11,76.42
2021-01-01,Sweden,60.1282,18.6435,-13.68,100.00
2021-01-01,Norway,60.472,8.4689,-11.50,100.00
2021-01-01,Chile,-35.6751,-71.543,19.63,74.32
2021-01-01,New Zealand,-40.9006,174.886,19.71,75.51
2021-02-01,United States,37.0902,-95.7129,0.37,89.29
2021-02-01,Canada,56.1304,-106.3468,-20.69,100.00
2021-02-01,Brazil,-14.235,-51.9253,29.57,59.08
2021-02-01,United Kingdom,55.3781,-3.436,1.49,92.17
2021-02-01,Germany,51.1657,10.4515,-1.51,98.90
2021-02-01,India,20.5937,78.9629,15.63,67.28
2021-02-01,China,35.8617,104.1954,-1.80,90.19
2021-02-01,Australia,-25.2744,133.7751,30.80,63.24
2021-02-01,South Africa,-30.5595,22.9375,24.91,58.91
2021-02-01,Russia,61.524,105.3188,-26.29,100.00
2021-02-01,Japan,36.2048,138.2529,4.64,80.69
2021-02-01,Argentina,-38.4161,-63.6167,22.46,70.79
2021-02-01,France,46.2276,2.2137,1.76,91.89
2021-02-01,Italy,41.8719,12.5674,4.78,81.30
2021-02-01,Spain,40.4637,-3.7492,4.65,87.81
2021-02-01,Mexico,23.6345,-102.5528,15.51,71.82
2021-02-01,Indonesia,-0.7893,113.9213,28.69,52.84
2021-02-01,Nigeria,9.082,8.6753,25.03,57.25
2021-02-01,Egypt,26.8206,30.8025,12.72,76.68
2021-02-01,Saudi Arabia,23.8859,45.0792,12.60,70.72
2021-02-01,Sweden,60.1282,18.6435,-11.85,100.00
2021-02-01,Norway,60.472,8.4689,-11.73,100.00
2021-02-01,Chile,-35.6751,-71.543,18.57,70.53
2021-02-01,New Zealand,-40.9006,174.886,18.12,77.37
2021-03-01,United States,37.0902,-95.7129,4.03,95.15
2021-03-01,Canada,56.1304,-106.3468,-15.40,100.00
2021-03-01,Brazil,-14.235,-51.9253,27.40,54.50
2021-03-01,United Kingdom,55.3781,-3.436,4.72,85.21
2021-03-01,Germany,51.1657,10.4515,3.66,83.69
2021-03-01,India,20.5937,78.9629,18.86,66.88
2021-03-01,China,35.8617,104.1954,5.54,81.99
2021-03-01,Australia,-25.2744,133.7751,26.46,64.47
2021-03-01,South Africa,-30.5595,22.9375,22.95,62.64
2021-03-01,Russia,61.524,105.3188,-16.68,100.00
2021-03-01,Japan,36.2048,138.2529,8.53,83.00
2021-03-01,Argentina,-38.4161,-63.6167,20.01,73.79
2021-03-01,France,46.2276,2.2137,6.08,83.15
2021-03-01,Italy,41.8719,12.5674,7.33,89.72
2021-03-01,Spain,40.4637,-3.7492,9.85,77.03
2021-03-01,Mexico,23.6345,-102.5528,16.31,76.98
2021-03-01,Indonesia,-0.7893,113.9213,28.85,58.70
2021-03-01,Nigeria,9.082,8.6753,24.48,70.96
2021-03-01,Egypt,26.8206,30.8025,16.35,77.23
2021-03-01,Saudi Arabia,23.8859,45.0792,17.79,73.97
2021-03-01,Sweden,60.1282,18.6435,-4.49,100.00
2021-03-01,Norway,60.472,8.4689,-4.30,100.00
2021-03-01,Chile,-35.6751,-71.543,16.20,69.34
2021-03-01,New Zealand,-40.9006,174.886,14.26,73.98
2021-04-01,United States,37.0902,-95.7129,12.80,79.63
2021-04-01,Canada,56.1304,-106.3468,-4.01,95.35
2021-04-01,Brazil,-14.235,-51.9253,26.08,57.30
2021-04-01,United Kingdom,55.3781,-3.436,11.27,74.15
2021-04-01,Germany,51.1657,10.4515,8.95,86.75
2021-04-01,India,20.5937,78.9629,23.30,58.77
2021-04-01,China,35.8617,104.1954,14.24,73.03
2021-04-01,Australia,-25.2744,133.7751,21.44,71.05
2021-04-01,South Africa,-30.5595,22.9375,17.25,76.54
2021-04-01,Russia,61.524,105.3188,-4.04,97.51
2021-04-01,Japan,36.2048,138.2529,15.90,69.00
2021-04-01,Argentina,-38.4161,-63.6167,13.82,71.20
2021-04-01,France,46.2276,2.2137,10.43,76.98
2021-04-01,Italy,41.8719,12.5674,14.99,68.45
2021-04-01,Spain,40.4637,-3.7492,14.83,69.58
2021-04-01,Mexico,23.6345,-102.5528,21.67,73.20
2021-04-01,Indonesia,-0.7893,113.9213,28.39,54.05
2021-04-01,Nigeria,9.082,8.6753,28.53,52.36
2021-04-01,Egypt,26.8206,30.8025,21.62,71.87
2021-04-01,Saudi Arabia,23.8859,45.0792,25.27,68.36
2021-04-01,Sweden,60.1282,18.6435,3.74,91.94
2021-04-01,Norway,60.472,8.4689,3.19,92.19
2021-04-01,Chile,-35.6751,-71.543,11.78,76.74
2021-04-01,New Zealand,-40.9006,174.886,11.77,84.75
2021-05-01,United States,37.0902,-95.7129,20.52,63.74
2021-05-01,Canada,56.1304,-106.3468,6.33,84.28
2021-05-01,Brazil,-14.235,-51.9253,21.89,62.13
2021-05-01,United Kingdom,55.3781,-3.436,16.52,69.59
2021-05-01,Germany,51.1657,10.4515,15.46,67.33
2021-05-01,India,20.5937,78.9629,30.64,59.61
2021-05-01,China,35.8617,104.1954,23.64,60.72
2021-05-01,Australia,-25.2744,133.7751,18.41,65.24
2021-05-01,South Africa,-30.5595,22.9375,14.83,70.94
2021-05-01,Russia,61.524,105.3188,6.77,89.53
2021-05-01,Japan,36.2048,138.2529,21.05,73.38
2021-05-01,Argentina,-38.4161,-63.6167,9.54,79.34
2021-05-01,France,46.2276,2.2137,17.47,77.48
2021-05-01,Italy,41.8719,12.5674,19.72,70.61
2021-05-01,Spain,40.4637,-3.7492,20.53,63.31
2021-05-01,Mexico,23.6345,-102.5528,24.44,61.93
2021-05-01,Indonesia,-0.7893,113.9213,26.12,60.37
2021-05-01,Nigeria,9.082,8.6753,29.69,56.37
2021-05-01,Egypt,26.8206,30.8025,28.09,55.19
2021-05-01,Saudi Arabia,23.8859,45.0792,31.80,59.53
2021-05-01,Sweden,60.1282,18.6435,12.86,81.61
2021-05-01,Norway,60.472,8.4689,11.05,82.03
2021-05-01,Chile,-35.6751,-71.543,8.00,89.39
2021-05-01,New Zealand,-40.9006,174.886,8.03,81.06
2021-06-01,United States,37.0902,-95.7129,24.76,64.10
2021-06-01,Canada,56.1304,-106.3468,13.57,75.41
2021-06-01,Brazil,-14.235,-51.9253,21.18,60.52
2021-06-01,United Kingdom,55.3781,-3.436,19.57,73.28
2021-06-01,Germany,51.1657,10.4515,18.60,72.78
2021-06-01,India,20.5937,78.9629,31.91,47.41
2021-06-01,China,35.8617,104.1954,30.01,51.73
2021-06-01,Australia,-25.2744,133.7751,15.02,70.12
2021-06-01,South Africa,-30.5595,22.9375,11.80,74.43
2021-06-01,Russia,61.524,105.3188,16.59,72.55
2021-06-01,Japan,36.2048,138.2529,25.37,62.35
2021-06-01,Argentina,-38.4161,-63.6167,5.36,81.63
2021-06-01,France,46.2276,2.2137,20.52,63.46
2021-06-01,Italy,41.8719,12.5674,25.63,61.48
2021-06-01,Spain,40.4637,-3.7492,25.72,64.53
2021-06-01,Mexico,23.6345,-102.5528,28.93,54.93
2021-06-01,Indonesia,-0.7893,113.9213,26.01,59.65
2021-06-01,Nigeria,9.082,8.6753,29.77,57.44
2021-06-01,Egypt,26.8206,30.8025,30.50,49.63
2021-06-01,Saudi Arabia,23.8859,45.0792,38.98,40.50
2021-06-01,Sweden,60.1282,18.6435,19.85,61.87
2021-06-01,Norway,60.472,8.4689,14.21,70.69
2021-06-01,Chile,-35.6751,-71.543,6.24,82.52
2021-06-01,New Zealand,-40.9006,174.886,4.44,80.32
2021-07-01,United States,37.0902,-95.7129,27.96,62.74
2021-07-01,Canada,56.1304,-106.3468,15.38,74.15
2021-07-01,Brazil,-14.235,-51.9253,19.26,63.27
2021-07-01,United Kingdom,55.3781,-3.436,21.26,62.84
2021-07-01,Germany,51.1657,10.4515,22.30,69.02
2021-07-01,India,20.5937,78.9629,33.87,59.62
2021-07-01,China,35.8617,104.1954,33.37,56.92
2021-07-01,Australia,-25.2744,133.7751,11.24,79.83
2021-07-01,South Africa,-30.5595,22.9375,11.02,77.30
2021-07-01,Russia,61.524,105.3188,21.33,66.47
2021-07-01,Japan,36.2048,138.2529,26.99,65.96
2021-07-01,Argentina,-38.4161,-63.6167,4.11,84.97
2021-07-01,France,46.2276,2.2137,21.90,72.62
2021-07-01,Italy,41.8719,12.5674,26.26,62.60
2021-07-01,Spain,40.4637,-3.7492,26.90,55.86
2021-07-01,Mexico,23.6345,-102.5528,30.53,52.77
2021-07-01,Indonesia,-0.7893,113.9213,24.38,56.47
2021-07-01,Nigeria,9.082,8.6753,32.08,50.95
2021-07-01,Egypt,26.8206,30.8025,33.61,56.27
2021-07-01,Saudi Arabia,23.8859,45.0792,40.38,43.23
2021-07-01,Sweden,60.1282,18.6435,21.25,61.67
2021-07-01,Norway,60.472,8.4689,17.42,75.02
2021-07-01,Chile,-35.6751,-71.543,3.41,94.84
2021-07-01,New Zealand,-40.9006,174.886,4.66,93.77
2021-08-01,United States,37.0902,-95.7129,24.87,56.78
2021-08-01,Canada,56.1304,-106.3468,13.58,75.09
2021-08-01,Brazil,-14.235,-51.9253,20.06,73.45
2021-08-01,United Kingdom,55.3781,-3.436,19.06,69.38
2021-08-01,Germany,51.1657,10.4515,18.84,63.99
2021-08-01,India,20.5937,78.9629,32.56,59.38
2021-08-01,China,35.8617,104.1954,30.18,53.53
2021-08-01,Australia,-25.2744,133.7751,13.53,78.54
2021-08-01,South Africa,-30.5595,22.9375,11.88,77.28
2021-08-01,Russia,61.524,105.3188,16.62,67.26
2021-08-01,Japan,36.2048,138.2529,26.80,64.38
2021-08-01,Argentina,-38.4161,-63.6167,4.88,81.06
2021-08-01,France,46.2276,2.2137,20.80,64.63
2021-08-01,Italy,41.8719,12.5674,25.11,67.64
2021-08-01,Spain,40.4637,-3.7492,25.05,69.16
2021-08-01,Mexico,23.6345,-102.5528,27.60,58.32
2021-08-01,Indonesia,-0.7893,113.9213,24.93,67.94
2021-08-01,Nigeria,9.082,8.6753,30.33,63.73
2021-08-01,Egypt,26.8206,30.8025,31.24,60.09
2021-08-01,Saudi Arabia,23.8859,45.0792,37.32,53.09
2021-08-01,Sweden,60.1282,18.6435,18.87,65.61
2021-08-01,Norway,60.472,8.4689,15.60,78.19
2021-08-01,Chile,-35.6751,-71.543,6.76,85.10
2021-08-01,New Zealand,-40.9006,174.886,3.73,94.75
2021-09-01,United States,37.0902,-95.7129,20.28,70.23
2021-09-01,Canada,56.1304,-106.3468,6.14,84.65
2021-09-01,Brazil,-14.235,-51.9253,22.36,72.34
2021-09-01,United Kingdom,55.3781,-3.436,14.78,76.38
2021-09-01,Germany,51.1657,10.4515,15.12,81.63
2021-09-01,India,20.5937,78.9629,28.61,57.98
2021-09-01,China,35.8617,104.1954,23.78,59.02
2021-09-01,Australia,-25.2744,133.7751,18.22,65.21
2021-09-01,South Africa,-30.5595,22.9375,15.60,74.34
2021-09-01,Russia,61.524,105.3188,7.70,84.56
2021-09-01,Japan,36.2048,138.2529,20.92,62.23
2021-09-01,Argentina,-38.4161,-63.6167,10.16,86.84
2021-09-01,France,46.2276,2.2137,16.34,72.77
2021-09-01,Italy,41.8719,12.5674,20.89,71.57
2021-09-01,Spain,40.4637,-3.7492,21.17,62.14
2021-09-01,Mexico,23.6345,-102.5528,25.01,60.61
2021-09-01,Indonesia,-0.7893,113.9213,26.18,59.73
2021-09-01,Nigeria,9.082,8.6753,28.70,62.01
2021-09-01,Egypt,26.8206,30.8025,26.67,61.08
2021-09-01,Saudi Arabia,23.8859,45.0792,32.24,54.81
2021-09-01,Sweden,60.1282,18.6435,11.31,81.72
2021-09-01,Norway,60.472,8.4689,9.29,77.15
2021-09-01,Chile,-35.6751,-71.543,8.75,83.43
2021-09-01,New Zealand,-40.9006,174.886,7.42,84.90
2021-10-01,United States,37.0902,-95.7129,13.57,83.41
2021-10-01,Canada,56.1304,-106.3468,-5.46,92.71
2021-10-01,Brazil,-14.235,-51.9253,24.65,56.87
2021-10-01,United Kingdom,55.3781,-3.436,10.75,85.42
2021-10-01,Germany,51.1657,10.4515,10.13,79.36
2021-10-01,India,20.5937,78.9629,24.55,60.49
2021-10-01,China,35.8617,104.1954,15.01,78.98
2021-10-01,Australia,-25.2744,133.7751,22.93,59.66
2021-10-01,South Africa,-30.5595,22.9375,17.51,71.46
2021-10-01,Russia,61.524,105.3188,-3.47,92.00
2021-10-01,Japan,36.2048,138.2529,16.15,74.96
2021-10-01,Argentina,-38.4161,-63.6167,15.51,69.05
2021-10-01,France,46.2276,2.2137,11.66,86.50
2021-10-01,Italy,41.8719,12.5674,14.86,76.59
2021-10-01,Spain,40.4637,-3.7492,16.21,76.29
2021-10-01,Mexico,23.6345,-102.5528,20.78,71.00
2021-10-01,Indonesia,-0.7893,113.9213,27.08,54.53
2021-10-01,Nigeria,9.082,8.6753,26.52,61.18
2021-10-01,Egypt,26.8206,30.8025,23.69,57.41
2021-10-01,Saudi Arabia,23.8859,45.0792,26.59,68.37
2021-10-01,Sweden,60.1282,18.6435,2.90,87.20
2021-10-01,Norway,60.472,8.4689,2.80,92.99
2021-10-01,Chile,-35.6751,-71.543,12.21,75.38
2021-10-01,New Zealand,-40.9006,174.886,11.86,72.95
2021-11-01,United States,37.0902,-95.7129,4.47,93.31
2021-11-01,Canada,56.1304,-106.3468,-14.68,100.00
2021-11-01,Brazil,-14.235,-51.9253,28.27,51.99
2021-11-01,United Kingdom,55.3781,-3.436,4.77,90.47
2021-11-01,Germany,51.1657,10.4515,3.21,83.68
2021-11-01,India,20.5937,78.9629,18.65,63.18
2021-11-01,China,35.8617,104.1954,4.78,87.42
2021-11-01,Australia,-25.2744,133.7751,26.98,58.49
2021-11-01,South Africa,-30.5595,22.9375,22.63,72.39
2021-11-01,Russia,61.524,105.3188,-17.43,100.00
2021-11-01,Japan,36.2048,138.2529,10.43,76.71
2021-11-01,Argentina,-38.4161,-63.6167,20.14,69.98
2021-11-01,France,46.2276,2.2137,6.31,85.07
2021-11-01,Italy,41.8719,12.5674,7.72,90.53
2021-11-01,Spain,40.4637,-3.7492,9.81,82.68
2021-11-01,Mexico,23.6345,-102.5528,18.63,67.72
2021-11-01,Indonesia,-0.7893,113.9213,27.75,54.68
2021-11-01,Nigeria,9.082,8.6753,24.28,67.95
2021-11-01,Egypt,26.8206,30.8025,16.92,72.97
2021-11-01,Saudi Arabia,23.8859,45.0792,16.70,67.34
2021-11-01,Sweden,60.1282,18.6435,-5.50,98.48
2021-11-01,Norway,60.472,8.4689,-5.23,97.66
2021-11-01,Chile,-35.6751,-71.543,15.21,68.98
2021-11-01,New Zealand,-40.9006,174.886,14.69,81.77
2021-12-01,United States,37.0902,-95.7129,-1.49,89.32
2021-12-01,Canada,56.1304,-106.3468,-20.73,100.00
2021-12-01,Brazil,-14.235,-51.9253,29.19,52.66
2021-12-01,United Kingdom,55.3781,-3.436,1.50,89.89
2021-12-01,Germany,51.1657,10.4515,-1.45,95.75
2021-12-01,India,20.5937,78.9629,16.24,76.10
2021-12-01,China,35.8617,104.1954,-2.21,99.89
2021-12-01,Australia,-25.2744,133.7751,31.27,53.27
2021-12-01,South Africa,-30.5595,22.9375,24.53,64.42
2021-12-01,Russia,61.524,105.3188,-26.23,100.00
2021-12-01,Japan,36.2048,138.2529,5.22,84.54
2021-12-01,Argentina,-38.4161,-63.6167,24.19,63.97
2021-12-01,France,46.2276,2.2137,3.51,94.42
2021-12-01,Italy,41.8719,12.5674,3.94,82.18
2021-12-01,Spain,40.4637,-3.7492,5.81,82.33
2021-12-01,Mexico,23.6345,-102.5528,15.71,78.45
2021-12-01,Indonesia,-0.7893,113.9213,29.80,62.79
2021-12-01,Nigeria,9.082,8.6753,23.47,66.43
2021-12-01,Egypt,26.8206,30.8025,13.41,72.10
2021-12-01,Saudi Arabia,23.8859,45.0792,13.28,73.04
2021-12-01,Sweden,60.1282,18.6435,-13.00,100.00
2021-12-01,Norway,60.472,8.4689,-10.48,100.00
2021-12-01,Chile,-35.6751,-71.543,19.67,72.29
2021-12-01,New Zealand,-40.9006,174.886,19.02,70.88
2022-01-01,United States,37.0902,-95.7129,-2.53,89.36
2022-01-01,Canada,56.1304,-106.3468,-25.60,100.00
2022-01-01,Brazil,-14.235,-51.9253,30.20,63.38
2022-01-01,United Kingdom,55.3781,-3.436,0.45,87.75
2022-01-01,Germany,51.1657,10.4515,-2.43,100.00
2022-01-01,India,20.5937,78.9629,15.02,80.09
2022-01-01,China,35.8617,104.1954,-2.62,98.28
2022-01-01,Australia,-25.2744,133.7751,33.32,53.28
2022-01-01,South Africa,-30.5595,22.9375,27.17,57.24
2022-01-01,Russia,61.524,105.3188,-29.45,100.00
2022-01-01,Japan,36.2048,138.2529,3.69,93.40
2022-01-01,Argentina,-38.4161,-63.6167,23.27,61.50
2022-01-01,France,46.2276,2.2137,1.13,95.14
2022-01-01,Italy,41.8719,12.5674,3.37,91.90
2022-01-01,Spain,40.4637,-3.7492,2.50,92.44
2022-01-01,Mexico,23.6345,-102.5528,12.28,71.82
2022-01-01,Indonesia,-0.7893,113.9213,29.96,64.11
2022-01-01,Nigeria,9.082,8.6753,23.11,70.36
2022-01-01,Egypt,26.8206,30.8025,13.68,74.45
2022-01-01,Saudi Arabia,23.8859,45.0792,11.07,79.38
2022-01-01,Sweden,60.1282,18.6435,-15.32,100.00
2022-01-01,Norway,60.472,8.4689,-13.58,100.00
2022-01-01,Chile,-35.6751,-71.543,21.70,71.99
2022-01-01,New Zealand,-40.9006,174.886,20.43,62.95
2022-02-01,United States,37.0902,-95.7129,0.19,96.50
2022-02-01,Canada,56.1304,-106.3468,-22.05,100.00
2022-02-01,Brazil,-14.235,-51.9253,29.32,54.60
2022-02-01,United Kingdom,55.3781,-3.436,3.02,87.51
2022-02-01,Germany,51.1657,10.4515,-1.41,88.56
2022-02-01,India,20.5937,78.9629,16.47,73.05
2022-02-01,China,35.8617,104.1954,-0.78,94.52
2022-02-01,Australia,-25.2744,133.7751,31.82,55.11
2022-02-01,South Africa,-30.5595,22.9375,25.56,58.95
2022-02-01,Russia,61.524,105.3188,-26.23,100.00
2022-02-01,Japan,36.2048,138.2529,5.00,87.79
2022-02-01,Argentina,-38.4161,-63.6167,23.34,58.43
2022-02-01,France,46.2276,2.2137,2.79,96.46
2022-02-01,Italy,41.8719,12.5674,3.83,84.50
2022-02-01,Spain,40.4637,-3.7492,4.58,94.42
2022-02-01,Mexico,23.6345,-102.5528,15.00,68.55
2022-02-01,Indonesia,-0.7893,113.9213,30.08,53.21
2022-02-01,Nigeria,9.082,8.6753,23.83,65.14
2022-02-01,Egypt,26.8206,30.8025,13.68,81.88
2022-02-01,Saudi Arabia,23.8859,45.0792,13.64,74.28
2022-02-01,Sweden,60.1282,18.6435,-11.58,100.00
2022-02-01,Norway,60.472,8.4689,-10.85,100.00
2022-02-01,Chile,-35.6751,-71.543,19.20,74.69
2022-02-01,New Zealand,-40.9006,174.886,17.21,75.43
2022-03-01,United States,37.0902,-95.7129,6.13,87.38
2022-03-01,Canada,56.1304,-106.3468,-14.24,100.00
2022-03-01,Brazil,-14.235,-51.9253,28.13,58.02
2022-03-01,United Kingdom,55.3781,-3.436,6.19,85.27
2022-03-01,Germany,51.1657,10.4515,3.79,94.75
2022-03-01,India,20.5937,78.9629,18.55,65.73
2022-03-01,China,35.8617,104.1954,5.89,89.86
2022-03-01,Australia,-25.2744,133.7751,28.54,54.77
2022-03-01,South Africa,-30.5595,22.9375,22.91,61.75
2022-03-01,Russia,61.524,105.3188,-17.37,100.00
2022-03-01,Japan,36.2048,138.2529,8.97,75.17
2022-03-01,Argentina,-38.4161,-63.6167,19.38,67.47
2022-03-01,France,46.2276,2.2137,5.43,89.14
2022-03-01,Italy,41.8719,12.5674,7.66,86.80
2022-03-01,Spain,40.4637,-3.7492,10.07,74.42
2022-03-01,Mexico,23.6345,-102.5528,17.40,70.80
2022-03-01,Indonesia,-0.7893,113.9213,28.27,60.73
2022-03-01,Nigeria,9.082,8.6753,25.85,69.17
2022-03-01,Egypt,26.8206,30.8025,16.46,73.95
2022-03-01,Saudi Arabia,23.8859,45.0792,18.31,70.89
2022-03-01,Sweden,60.1282,18.6435,-4.86,95.06
2022-03-01,Norway,60.472,8.4689,-3.99,97.84
2022-03-01,Chile,-35.6751,-71.543,15.76,73.10
2022-03-01,New Zealand,-40.9006,174.886,16.22,73.58
2022-04-01,United States,37.0902,-95.7129,11.63,81.31
2022-04-01,Canada,56.1304,-106.3468,-3.95,95.96
2022-04-01,Brazil,-14.235,-51.9253,25.94,65.63
2022-04-01,United Kingdom,55.3781,-3.436,9.87,81.78
2022-04-01,Germany,51.1657,10.4515,9.54,86.13
2022-04-01,India,20.5937,78.9629,25.46,69.62
2022-04-01,China,35.8617,104.1954,15.04,80.18
2022-04-01,Australia,-25.2744,133.7751,23.57,58.45
2022-04-01,South Africa,-30.5595,22.9375,19.60,71.53
2022-04-01,Russia,61.524,105.3188,-5.14,94.35
2022-04-01,Japan,36.2048,138.2529,15.60,80.95
2022-04-01,Argentina,-38.4161,-63.6167,15.64,75.04
2022-04-01,France,46.2276,2.2137,12.30,83.70
2022-04-01,Italy,41.8719,12.5674,14.10,80.38
2022-04-01,Spain,40.4637,-3.7492,15.21,67.78
2022-04-01,Mexico,23.6345,-102.5528,20.44,72.14
2022-04-01,Indonesia,-0.7893,113.9213,28.38,52.17
2022-04-01,Nigeria,9.082,8.6753,27.25,59.73
2022-04-01,Egypt,26.8206,30.8025,23.33,65.27
2022-04-01,Saudi Arabia,23.8859,45.0792,24.94,56.26
2022-04-01,Sweden,60.1282,18.6435,3.42,87.71
2022-04-01,Norway,60.472,8.4689,3.58,95.18
2022-04-01,Chile,-35.6751,-71.543,11.94,75.82
2022-04-01,New Zealand,-40.9006,174.886,10.52,84.06
2022-05-01,United States,37.0902,-95.7129,20.76,67.35
2022-05-01,Canada,56.1304,-106.3468,5.00,93.28
2022-05-01,Brazil,-14.235,-51.9253,23.30,65.91
2022-05-01,United Kingdom,55.3781,-3.436,14.53,77.19
2022-05-01,Germany,51.1657,10.4515,14.76,79.19
2022-05-01,India,20.5937,78.9629,28.71,51.94
2022-05-01,China,35.8617,104.1954,22.27,60.59
2022-05-01,Australia,-25.2744,133.7751,17.76,71.21
2022-05-01,South Africa,-30.5595,22.9375,15.44,70.48
2022-05-01,Russia,61.524,105.3188,6.96,88.80
2022-05-01,Japan,36.2048,138.2529,21.97,61.05
2022-05-01,Argentina,-38.4161,-63.6167,9.09,79.71
2022-05-01,France,46.2276,2.2137,16.70,67.34
2022-05-01,Italy,41.8719,12.5674,21.56,68.54
2022-05-01,Spain,40.4637,-3.7492,21.33,69.78
2022-05-01,Mexico,23.6345,-102.5528,25.80,61.31
2022-05-01,Indonesia,-0.7893,113.9213,25.42,62.33
2022-05-01,Nigeria,9.082,8.6753,30.52,60.67
2022-05-01,Egypt,26.8206,30.8025,27.35,63.95
2022-05-01,Saudi Arabia,23.8859,45.0792,33.29,47.72
2022-05-01,Sweden,60.1282,18.6435,11.28,81.48
2022-05-01,Norway,60.472,8.4689,9.86,78.68
2022-05-01,Chile,-35.6751,-71.543,7.68,84.71
2022-05-01,New Zealand,-40.9006,174.886,7.83,77.53
2022-06-01,United States,37.0902,-95.7129,26.28,58.93
2022-06-01,Canada,56.1304,-106.3468,11.61,84.29
2022-06-01,Brazil,-14.235,-51.9253,21.44,69.68
2022-06-01,United Kingdom,55.3781,-3.436,19.63,68.20
2022-06-01,Germany,51.1657,10.4515,20.50,66.98
2022-06-01,India,20.5937,78.9629,34.27,59.10
2022-06-01,China,35.8617,104.1954,29.89,61.48
2022-06-01,Australia,-25.2744,133.7751,13.80,81.11
2022-06-01,South Africa,-30.5595,22.9375,11.16,72.69
2022-06-01,Russia,61.524,105.3188,16.20,80.62
2022-06-01,Japan,36.2048,138.2529,24.73,60.40
2022-06-01,Argentina,-38.4161,-63.6167,6.23,87.41
2022-06-01,France,46.2276,2.2137,20.32,61.33
2022-06-01,Italy,41.8719,12.5674,24.91,59.20
2022-06-01,Spain,40.4637,-3.7492,26.72,58.13
2022-06-01,Mexico,23.6345,-102.5528,28.44,57.50
2022-06-01,Indonesia,-0.7893,113.9213,25.26,58.78
2022-06-01,Nigeria,9.082,8.6753,30.18,63.00
2022-06-01,Egypt,26.8206,30.8025,30.91,49.56
2022-06-01,Saudi Arabia,23.8859,45.0792,38.60,51.89
2022-06-01,Sweden,60.1282,18.6435,19.97,61.86
2022-06-01,Norway,60.472,8.4689,15.98,69.04
2022-06-01,Chile,-35.6751,-71.543,6.53,86.65
2022-06-01,New Zealand,-40.9006,174.886,3.53,94.05
2022-07-01,United States,37.0902,-95.7129,27.72,66.80
2022-07-01,Canada,56.1304,-106.3468,14.72,70.54
2022-07-01,Brazil,-14.235,-51.9253,21.07,63.79
2022-07-01,United Kingdom,55.3781,-3.436,19.58,76.33
2022-07-01,Germany,51.1657,10.4515,20.47,74.63
2022-07-01,India,20.5937,78.9629,34.55,50.68
2022-07-01,China,35.8617,104.1954,32.22,48.74
2022-07-01,Australia,-25.2744,133.7751,11.96,84.79
2022-07-01,South Africa,-30.5595,22.9375,10.88,81.45
2022-07-01,Russia,61.524,105.3188,20.48,74.83
2022-07-01,Japan,36.2048,138.2529,28.02,58.01
2022-07-01,Argentina,-38.4161,-63.6167,5.04,88.69
2022-07-01,France,46.2276,2.2137,21.31,68.78
2022-07-01,Italy,41.8719,12.5674,26.53,65.91
2022-07-01,Spain,40.4637,-3.7492,27.57,53.88
2022-07-01,Mexico,23.6345,-102.5528,28.36,61.36
2022-07-01,Indonesia,-0.7893,113.9213,24.30,67.04
2022-07-01,Nigeria,9.082,8.6753,32.08,58.98
2022-07-01,Egypt,26.8206,30.8025,32.40,60.64
2022-07-01,Saudi Arabia,23.8859,45.0792,39.78,44.15
2022-07-01,Sweden,60.1282,18.6435,20.29,75.19
2022-07-01,Norway,60.472,8.4689,17.49,78.02
2022-07-01,Chile,-35.6751,-71.543,4.34,88.04
2022-07-01,New Zealand,-40.9006,174.886,3.77,90.91
2022-08-01,United States,37.0902,-95.7129,24.98,62.06
2022-08-01,Canada,56.1304,-106.3468,13.93,75.74
2022-08-01,Brazil,-14.235,-51.9253,20.75,65.66
2022-08-01,United Kingdom,55.3781,-3.436,18.41,71.11
2022-08-01,Germany,51.1657,10.4515,20.51,67.66
2022-08-01,India,20.5937,78.9629,32.22,49.30
2022-08-01,China,35.8617,104.1954,29.82,60.21
2022-08-01,Australia,-25.2744,133.7751,13.54,73.68
2022-08-01,South Africa,-30.5595,22.9375,11.25,77.65
2022-08-01,Russia,61.524,105.3188,16.94,74.16
2022-08-01,Japan,36.2048,138.2529,26.18,59.84
2022-08-01,Argentina,-38.4161,-63.6167,4.97,89.63
2022-08-01,France,46.2276,2.2137,21.13,70.71
2022-08-01,Italy,41.8719,12.5674,24.08,56.94
2022-08-01,Spain,40.4637,-3.7492,25.53,60.17
2022-08-01,Mexico,23.6345,-102.5528,28.77,54.91
2022-08-01,Indonesia,-0.7893,113.9213,25.56,68.92
2022-08-01,Nigeria,9.082,8.6753,31.36,50.48
2022-08-01,Egypt,26.8206,30.8025,30.87,53.13
2022-08-01,Saudi Arabia,23.8859,45.0792,38.04,46.06
2022-08-01,Sweden,60.1282,18.6435,20.19,68.98
2022-08-01,Norway,60.472,8.4689,15.20,73.72
2022-08-01,Chile,-35.6751,-71.543,4.63,80.98
2022-08-01,New Zealand,-40.9006,174.886,4.87,87.10
2022-09-01,United States,37.0902,-95.7129,19.37,74.80
2022-09-01,Canada,56.1304,-106.3468,5.46,92.47
2022-09-01,Brazil,-14.235,-51.9253,22.10,62.56
2022-09-01,United Kingdom,55.3781,-3.436,16.26,74.31
2022-09-01,Germany,51.1657,10.4515,14.81,78.73
2022-09-01,India,20.5937,78.9629,28.90,64.10
2022-09-01,China,35.8617,104.1954,24.04,66.98
2022-09-01,Australia,-25.2744,133.7751,18.66,76.89
2022-09-01,South Africa,-30.5595,22.9375,15.17,69.03
2022-09-01,Russia,61.524,105.3188,8.75,82.01
2022-09-01,Japan,36.2048,138.2529,20.81,66.62
2022-09-01,Argentina,-38.4161,-63.6167,9.14,87.77
2022-09-01,France,46.2276,2.2137,15.59,68.10
2022-09-01,Italy,41.8719,12.5674,21.68,71.10
2022-09-01,Spain,40.4637,-3.7492,21.27,61.31
2022-09-01,Mexico,23.6345,-102.5528,25.06,59.50
2022-09-01,Indonesia,-0.7893,113.9213,26.09,63.93
2022-09-01,Nigeria,9.082,8.6753,30.63,60.50
2022-09-01,Egypt,26.8206,30.8025,27.30,60.50
2022-09-01,Saudi Arabia,23.8859,45.0792,32.57,51.32
2022-09-01,Sweden,60.1282,18.6435,11.40,72.46
2022-09-01,Norway,60.472,8.4689,8.75,89.55
2022-09-01,Chile,-35.6751,-71.543,9.35,86.59
2022-09-01,New Zealand,-40.9006,174.886,7.74,82.30
2022-10-01,United States,37.0902,-95.7129,11.66,75.20
2022-10-01,Canada,56.1304,-106.3468,-5.07,92.45
2022-10-01,Brazil,-14.235,-51.9253,26.28,56.59
2022-10-01,United Kingdom,55.3781,-3.436,9.75,79.40
2022-10-01,Germany,51.1657,10.4515,9.07,76.99
2022-10-01,India,20.5937,78.9629,23.31,61.16
2022-10-01,China,35.8617,104.1954,14.62,72.98
2022-10-01,Australia,-25.2744,133.7751,22.80,66.32
2022-10-01,South Africa,-30.5595,22.9375,17.52,68.70
2022-10-01,Russia,61.524,105.3188,-5.06,99.40
2022-10-01,Japan,36.2048,138.2529,15.88,70.67
2022-10-01,Argentina,-38.4161,-63.6167,15.38,76.85
2022-10-01,France,46.2276,2.2137,11.87,82.80
2022-10-01,Italy,41.8719,12.5674,15.57,74.24
2022-10-01,Spain,40.4637,-3.7492,15.80,73.08
2022-10-01,Mexico,23.6345,-102.5528,21.84,63.39
2022-10-01,Indonesia,-0.7893,113.9213,27.49,57.27
2022-10-01,Nigeria,9.082,8.6753,28.11,56.94
2022-10-01,Egypt,26.8206,30.8025,22.75,72.71
2022-10-01,Saudi Arabia,23.8859,45.0792,24.71,60.38
2022-10-01,Sweden,60.1282,18.6435,3.49,88.06
2022-10-01,Norway,60.472,8.4689,2.37,94.52
2022-10-01,Chile,-35.6751,-71.543,12.51,77.93
2022-10-01,New Zealand,-40.9006,174.886,12.32,84.36
2022-11-01,United States,37.0902,-95.7129,5.34,82.69
2022-11-01,Canada,56.1304,-106.3468,-14.81,100.00
2022-11-01,Brazil,-14.235,-51.9253,27.47,58.84
2022-11-01,United Kingdom,55.3781,-3.436,4.86,87.96
2022-11-01,Germany,51.1657,10.4515,3.93,84.30
2022-11-01,India,20.5937,78.9629,20.32,65.02
2022-11-01,China,35.8617,104.1954,5.79,80.22
2022-11-01,Australia,-25.2744,133.7751,28.33,56.00
2022-11-01,South Africa,-30.5595,22.9375,22.25,71.17
2022-11-01,Russia,61.524,105.3188,-16.64,100.00
2022-11-01,Japan,36.2048,138.2529,9.27,74.84
2022-11-01,Argentina,-38.4161,-63.6167,18.39,75.70
2022-11-01,France,46.2276,2.2137,5.61,85.92
2022-11-01,Italy,41.8719,12.5674,9.30,83.04
2022-11-01,Spain,40.4637,-3.7492,9.81,83.15
2022-11-01,Mexico,23.6345,-102.5528,16.49,75.50
2022-11-01,Indonesia,-0.7893,113.9213,27.25,53.42
2022-11-01,Nigeria,9.082,8.6753,24.40,71.19
2022-11-01,Egypt,26.8206,30.8025,17.36,75.20
2022-11-01,Saudi Arabia,23.8859,45.0792,19.14,73.43
2022-11-01,Sweden,60.1282,18.6435,-4.55,93.37
2022-11-01,Norway,60.472,8.4689,-4.72,97.90
2022-11-01,Chile,-35.6751,-71.543,16.08,78.69
2022-11-01,New Zealand,-40.9006,174.886,15.86,69.22
2022-12-01,United States,37.0902,-95.7129,-1.46,99.45
2022-12-01,Canada,56.1304,-106.3468,-21.68,100.00
2022-12-01,Brazil,-14.235,-51.9253,30.52,55.41
2022-12-01,United Kingdom,55.3781,-3.436,1.40,84.63
2022-12-01,Germany,51.1657,10.4515,-1.66,95.58
2022-12-01,India,20.5937,78.9629,16.79,78.47
2022-12-01,China,35.8617,104.1954,-0.13,90.38
2022-12-01,Australia,-25.2744,133.7751,30.51,55.70
2022-12-01,South Africa,-30.5595,22.9375,24.63,66.47
2022-12-01,Russia,61.524,105.3188,-25.32,100.00
2022-12-01,Japan,36.2048,138.2529,3.95,88.90
2022-12-01,Argentina,-38.4161,-63.6167,23.77,59.29
2022-12-01,France,46.2276,2.2137,2.39,96.71
2022-12-01,Italy,41.8719,12.5674,4.85,82.78
2022-12-01,Spain,40.4637,-3.7492,4.56,88.55
2022-12-01,Mexico,23.6345,-102.5528,15.15,74.38
2022-12-01,Indonesia,-0.7893,113.9213,29.42,63.07
2022-12-01,Nigeria,9.082,8.6753,24.77,68.32
2022-12-01,Egypt,26.8206,30.8025,12.97,75.52
2022-12-01,Saudi Arabia,23.8859,45.0792,11.41,72.05
2022-12-01,Sweden,60.1282,18.6435,-11.25,99.09
2022-12-01,Norway,60.472,8.4689,-10.99,100.00
2022-12-01,Chile,-35.6751,-71.543,20.12,68.01
2022-12-01,New Zealand,-40.9006,174.886,18.42,78.06
2023-01-01,United States,37.0902,-95.7129,-3.04,92.91
2023-01-01,Canada,56.1304,-106.3468,-24.55,100.00
2023-01-01,Brazil,-14.235,-51.9253,31.67,57.17
2023-01-01,United Kingdom,55.3781,-3.436,-0.72,89.91
2023-01-01,Germany,51.1657,10.4515,-3.04,100.00
2023-01-01,India,20.5937,78.9629,15.09,79.05
2023-01-01,China,35.8617,104.1954,-4.15,97.84
2023-01-01,Australia,-25.2744,133.7751,32.66,47.41
2023-01-01,South Africa,-30.5595,22.9375,27.37,54.14
2023-01-01,Russia,61.524,105.3188,-30.63,100.00
2023-01-01,Japan,36.2048,138.2529,2.49,84.25
2023-01-01,Argentina,-38.4161,-63.6167,23.94,59.22
2023-01-01,France,46.2276,2.2137,0.82,84.73
2023-01-01,Italy,41.8719,12.5674,1.97,83.62
2023-01-01,Spain,40.4637,-3.7492,3.97,83.67
2023-01-01,Mexico,23.6345,-102.5528,12.35,78.34
2023-01-01,Indonesia,-0.7893,113.9213,28.74,65.71
2023-01-01,Nigeria,9.082,8.6753,24.26,60.82
2023-01-01,Egypt,26.8206,30.8025,11.71,73.09
2023-01-01,Saudi Arabia,23.8859,45.0792,11.20,79.87
2023-01-01,Sweden,60.1282,18.6435,-14.85,100.00
2023-01-01,Norway,60.472,8.4689,-13.25,100.00
2023-01-01,Chile,-35.6751,-71.543,21.42,65.04
2023-01-01,New Zealand,-40.9006,174.886,20.48,74.27
2023-02-01,United States,37.0902,-95.7129,-1.50,96.68
2023-02-01,Canada,56.1304,-106.3468,-21.97,100.00
2023-02-01,Brazil,-14.235,-51.9253,29.63,59.20
2023-02-01,United Kingdom,55.3781,-3.436,2.18,85.65
2023-02-01,Germany,51.1657,10.4515,0.19,95.37
2023-02-01,India,20.5937,78.9629,16.38,69.86
2023-02-01,China,35.8617,104.1954,-1.37,98.33
2023-02-01,Australia,-25.2744,133.7751,31.55,61.27
2023-02-01,South Africa,-30.5595,22.9375,26.52,59.45
2023-02-01,Russia,61.524,105.3188,-26.95,100.00
2023-02-01,Japan,36.2048,138.2529,6.31,78.69
2023-02-01,Argentina,-38.4161,-63.6167,23.58,57.53
2023-02-01,France,46.2276,2.2137,3.33,82.10
2023-02-01,Italy,41.8719,12.5674,4.70,83.63
2023-02-01,Spain,40.4637,-3.7492,5.44,85.69
2023-02-01,Mexico,23.6345,-102.5528,13.69,83.09
2023-02-01,Indonesia,-0.7893,113.9213,28.34,59.72
2023-02-01,Nigeria,9.082,8.6753,23.03,69.59
2023-02-01,Egypt,26.8206,30.8025,14.40,79.04
2023-02-01,Saudi Arabia,23.8859,45.0792,11.86,77.49
2023-02-01,Sweden,60.1282,18.6435,-12.19,100.00
2023-02-01,Norway,60.472,8.4689,-10.82,100.00
2023-02-01,Chile,-35.6751,-71.543,18.68,67.08
2023-02-01,New Zealand,-40.9006,174.886,18.01,73.59
2023-03-01,United States,37.0902,-95.7129,5.59,91.53
2023-03-01,Canada,56.1304,-106.3468,-14.95,100.00
2023-03-01,Brazil,-14.235,-51.9253,28.26,52.35
2023-03-01,United Kingdom,55.3781,-3.436,5.32,83.71
2023-03-01,Germany,51.1657,10.4515,3.27,89.69
2023-03-01,India,20.5937,78.9629,19.31,68.03
2023-03-01,China,35.8617,104.1954,5.90,83.15
2023-03-01,Australia,-25.2744,133.7751,28.34,61.47
2023-03-01,South Africa,-30.5595,22.9375,23.32,63.54
2023-03-01,Russia,61.524,105.3188,-16.36,100.00
2023-03-01,Japan,36.2048,138.2529,8.37,87.58
2023-03-01,Argentina,-38.4161,-63.6167,20.65,64.22
2023-03-01,France,46.2276,2.2137,6.48,83.60
2023-03-01,Italy,41.8719,12.5674,8.27,85.22
2023-03-01,Spain,40.4637,-3.7492,8.71,81.83
2023-03-01,Mexico,23.6345,-102.5528,18.05,66.76
2023-03-01,Indonesia,-0.7893,113.9213,27.95,55.28
2023-03-01,Nigeria,9.082,8.6753,24.37,58.77
2023-03-01,Egypt,26.8206,30.8025,17.78,76.16
2023-03-01,Saudi Arabia,23.8859,45.0792,17.35,73.44
2023-03-01,Sweden,60.1282,18.6435,-5.88,100.00
2023-03-01,Norway,60.472,8.4689,-4.66,100.00
2023-03-01,Chile,-35.6751,-71.543,17.54,69.23
2023-03-01,New Zealand,-40.9006,174.886,16.72,75.46
2023-04-01,United States,37.0902,-95.7129,11.47,78.72
2023-04-01,Canada,56.1304,-106.3468,-4.69,91.57
2023-04-01,Brazil,-14.235,-51.9253,24.41,64.14
2023-04-01,United Kingdom,55.3781,-3.436,11.26,83.36
2023-04-01,Germany,51.1657,10.4515,10.29,85.27
2023-04-01,India,20.5937,78.9629,24.72,56.31
2023-04-01,China,35.8617,104.1954,13.40,79.61
2023-04-01,Australia,-25.2744,133.7751,23.59,64.31
2023-04-01,South Africa,-30.5595,22.9375,17.49,72.26
2023-04-01,Russia,61.524,105.3188,-5.60,93.06
2023-04-01,Japan,36.2048,138.2529,14.36,74.27
2023-04-01,Argentina,-38.4161,-63.6167,14.90,71.64
2023-04-01,France,46.2276,2.2137,12.60,76.63
2023-04-01,Italy,41.8719,12.5674,15.24,73.50
2023-04-01,Spain,40.4637,-3.7492,16.37,78.71
2023-04-01,Mexico,23.6345,-102.5528,20.93,65.01
2023-04-01,Indonesia,-0.7893,113.9213,26.32,59.10
2023-04-01,Nigeria,9.082,8.6753,28.77,54.58
2023-04-01,Egypt,26.8206,30.8025,22.07,70.97
2023-04-01,Saudi Arabia,23.8859,45.0792,26.57,61.64
2023-04-01,Sweden,60.1282,18.6435,3.53,86.03
2023-04-01,Norway,60.472,8.4689,3.29,94.09
2023-04-01,Chile,-35.6751,-71.543,13.50,84.05
2023-04-01,New Zealand,-40.9006,174.886,11.70,78.51
2023-05-01,United States,37.0902,-95.7129,21.12,62.75
2023-05-01,Canada,56.1304,-106.3468,4.87,86.73
2023-05-01,Brazil,-14.235,-51.9253,22.58,72.39
2023-05-01,United Kingdom,55.3781,-3.436,14.32,76.12
2023-05-01,Germany,51.1657,10.4515,14.59,82.57
2023-05-01,India,20.5937,78.9629,28.76,60.92
2023-05-01,China,35.8617,104.1954,23.96,58.22
2023-05-01,Australia,-25.2744,133.7751,16.99,79.05
2023-05-01,South Africa,-30.5595,22.9375,13.61,78.83
2023-05-01,Russia,61.524,105.3188,8.94,80.06
2023-05-01,Japan,36.2048,138.2529,21.83,62.29
2023-05-01,Argentina,-38.4161,-63.6167,9.25,81.06
2023-05-01,France,46.2276,2.2137,17.35,75.50
2023-05-01,Italy,41.8719,12.5674,19.72,75.09
2023-05-01,Spain,40.4637,-3.7492,22.48,67.27
2023-05-01,Mexico,23.6345,-102.5528,25.69,56.68
2023-05-01,Indonesia,-0.7893,113.9213,25.94,60.86
2023-05-01,Nigeria,9.082,8.6753,29.16,55.55
2023-05-01,Egypt,26.8206,30.8025,28.02,62.74
2023-05-01,Saudi Arabia,23.8859,45.0792,34.11,46.10
2023-05-01,Sweden,60.1282,18.6435,11.44,73.49
2023-05-01,Norway,60.472,8.4689,9.62,87.29
2023-05-01,Chile,-35.6751,-71.543,9.70,81.80
2023-05-01,New Zealand,-40.9006,174.886,6.79,81.71
2023-06-01,United States,37.0902,-95.7129,25.16,56.52
2023-06-01,Canada,56.1304,-106.3468,12.27,80.53
2023-06-01,Brazil,-14.235,-51.9253,21.19,72.85
2023-06-01,United Kingdom,55.3781,-3.436,19.29,76.91
2023-06-01,Germany,51.1657,10.4515,19.24,71.74
2023-06-01,India,20.5937,78.9629,32.70,49.59
2023-06-01,China,35.8617,104.1954,30.81,60.98
2023-06-01,Australia,-25.2744,133.7751,12.99,81.04
2023-06-01,South Africa,-30.5595,22.9375,10.65,74.25
2023-06-01,Russia,61.524,105.3188,18.00,76.75
2023-06-01,Japan,36.2048,138.2529,26.75,55.79
2023-06-01,Argentina,-38.4161,-63.6167,6.41,80.34
2023-06-01,France,46.2276,2.2137,21.15,62.69
2023-06-01,Italy,41.8719,12.5674,24.70,67.46
2023-06-01,Spain,40.4637,-3.7492,25.29,58.42
2023-06-01,Mexico,23.6345,-102.5528,27.79,55.51
2023-06-01,Indonesia,-0.7893,113.9213,25.01,58.05
2023-06-01,Nigeria,9.082,8.6753,31.58,51.75
2023-06-01,Egypt,26.8206,30.8025,32.09,59.18
2023-06-01,Saudi Arabia,23.8859,45.0792,37.34,51.16
2023-06-01,Sweden,60.1282,18.6435,18.26,64.15
2023-06-01,Norway,60.472,8.4689,15.67,72.14
2023-06-01,Chile,-35.6751,-71.543,5.49,92.24
2023-06-01,New Zealand,-40.9006,174.886,5.33,94.00
2023-07-01,United States,37.0902,-95.7129,27.06,55.94
2023-07-01,Canada,56.1304,-106.3468,15.96,78.23
2023-07-01,Brazil,-14.235,-51.9253,21.25,73.91
2023-07-01,United Kingdom,55.3781,-3.436,21.63,72.18
2023-07-01,Germany,51.1657,10.4515,21.75,73.20
2023-07-01,India,20.5937,78.9629,35.38,45.62
2023-07-01,China,35.8617,104.1954,33.32,52.65
2023-07-01,Australia,-25.2744,133.7751,13.63,81.45
2023-07-01,South Africa,-30.5595,22.9375,10.48,84.73
2023-07-01,Russia,61.524,105.3188,19.81,63.86
2023-07-01,Japan,36.2048,138.2529,28.48,58.42
2023-07-01,Argentina,-38.4161,-63.6167,4.53,86.00
2023-07-01,France,46.2276,2.2137,22.47,59.97
2023-07-01,Italy,41.8719,12.5674,27.66,53.08
2023-07-01,Spain,40.4637,-3.7492,26.55,56.27
2023-07-01,Mexico,23.6345,-102.5528,28.88,52.97
2023-07-01,Indonesia,-0.7893,113.9213,24.47,59.41
2023-07-01,Nigeria,9.082,8.6753,31.13,54.28
2023-07-01,Egypt,26.8206,30.8025,31.34,49.28
2023-07-01,Saudi Arabia,23.8859,45.0792,41.60,41.81
2023-07-01,Sweden,60.1282,18.6435,22.24,67.18
2023-07-01,Norway,60.472,8.4689,17.64,65.43
2023-07-01,Chile,-35.6751,-71.543,3.83,93.44
2023-07-01,New Zealand,-40.9006,174.886,3.87,93.48
2023-08-01,United States,37.0902,-95.7129,26.66,57.68
2023-08-01,Canada,56.1304,-106.3468,13.62,77.16
2023-08-01,Brazil,-14.235,-51.9253,22.41,66.73
2023-08-01,United Kingdom,55.3781,-3.436,18.02,76.71
2023-08-01,Germany,51.1657,10.4515,20.30,69.75
2023-08-01,India,20.5937,78.9629,33.45,55.01
2023-08-01,China,35.8617,104.1954,28.97,56.70
2023-08-01,Australia,-25.2744,133.7751,14.16,75.89
2023-08-01,South Africa,-30.5595,22.9375,11.43,82.32
2023-08-01,Russia,61.524,105.3188,17.52,70.92
2023-08-01,Japan,36.2048,138.2529,26.83,67.64
2023-08-01,Argentina,-38.4161,-63.6167,5.42,90.10
2023-08-01,France,46.2276,2.2137,19.72,76.03
2023-08-01,Italy,41.8719,12.5674,24.46,70.78
2023-08-01,Spain,40.4637,-3.7492,24.76,63.39
2023-08-01,Mexico,23.6345,-102.5528,27.35,65.77
2023-08-01,Indonesia,-0.7893,113.9213,26.26,63.38
2023-08-01,Nigeria,9.082,8.6753,31.71,57.35
2023-08-01,Egypt,26.8206,30.8025,30.97,52.97
2023-08-01,Saudi Arabia,23.8859,45.0792,39.53,40.53
2023-08-01,Sweden,60.1282,18.6435,19.10,63.07
2023-08-01,Norway,60.472,8.4689,14.37,72.39
2023-08-01,Chile,-35.6751,-71.543,4.77,94.30
2023-08-01,New Zealand,-40.9006,174.886,3.71,84.98
2023-09-01,United States,37.0902,-95.7129,20.06,71.78
2023-09-01,Canada,56.1304,-106.3468,5.50,82.76
2023-09-01,Brazil,-14.235,-51.9253,22.82,70.11
2023-09-01,United Kingdom,55.3781,-3.436,15.35,72.23
2023-09-01,Germany,51.1657,10.4515,14.79,71.44
2023-09-01,India,20.5937,78.9629,29.11,58.82
2023-09-01,China,35.8617,104.1954,24.69,58.90
2023-09-01,Australia,-25.2744,133.7751,17.39,76.72
2023-09-01,South Africa,-30.5595,22.9375,15.43,75.35
2023-09-01,Russia,61.524,105.3188,7.60,79.40
2023-09-01,Japan,36.2048,138.2529,20.31,74.83
2023-09-01,Argentina,-38.4161,-63.6167,9.09,80.61
2023-09-01,France,46.2276,2.2137,16.65,80.24
2023-09-01,Italy,41.8719,12.5674,21.17,62.61
2023-09-01,Spain,40.4637,-3.7492,22.41,60.38
2023-09-01,Mexico,23.6345,-102.5528,24.88,63.59
2023-09-01,Indonesia,-0.7893,113.9213,27.10,65.36
2023-09-01,Nigeria,9.082,8.6753,29.09,63.23
2023-09-01,Egypt,26.8206,30.8025,28.77,62.65
2023-09-01,Saudi Arabia,23.8859,45.0792,32.64,51.33
2023-09-01,Sweden,60.1282,18.6435,11.40,76.93
2023-09-01,Norway,60.472,8.4689,11.10,83.94
2023-09-01,Chile,-35.6751,-71.543,9.20,82.53
2023-09-01,New Zealand,-40.9006,174.886,6.77,84.22
2023-10-01,United States,37.0902,-95.7129,12.86,80.50
2023-10-01,Canada,56.1304,-106.3468,-4.52,96.37
2023-10-01,Brazil,-14.235,-51.9253,25.71,64.27
2023-10-01,United Kingdom,55.3781,-3.436,9.65,77.08
2023-10-01,Germany,51.1657,10.4515,8.68,84.19
2023-10-01,India,20.5937,78.9629,25.23,57.50
2023-10-01,China,35.8617,104.1954,14.91,80.88
2023-10-01,Australia,-25.2744,133.7751,21.33,60.60
2023-10-01,South Africa,-30.5595,22.9375,17.69,69.13
2023-10-01,Russia,61.524,105.3188,-4.64,100.00
2023-10-01,Japan,36.2048,138.2529,15.53,81.77
2023-10-01,Argentina,-38.4161,-63.6167,15.21,77.96
2023-10-01,France,46.2276,2.2137,10.47,87.35
2023-10-01,Italy,41.8719,12.5674,15.64,69.78
2023-10-01,Spain,40.4637,-3.7492,15.88,78.16
2023-10-01,Mexico,23.6345,-102.5528,22.71,67.46
2023-10-01,Indonesia,-0.7893,113.9213,26.79,57.86
2023-10-01,Nigeria,9.082,8.6753,27.59,62.06
2023-10-01,Egypt,26.8206,30.8025,23.23,69.17
2023-10-01,Saudi Arabia,23.8859,45.0792,26.31,56.07
2023-10-01,Sweden,60.1282,18.6435,2.58,91.46
2023-10-01,Norway,60.472,8.4689,1.48,91.18
2023-10-01,Chile,-35.6751,-71.543,13.04,83.62
2023-10-01,New Zealand,-40.9006,174.886,10.70,82.28
2023-11-01,United States,37.0902,-95.7129,5.53,91.88
2023-11-01,Canada,56.1304,-106.3468,-13.83,100.00
2023-11-01,Brazil,-14.235,-51.9253,29.12,51.83
2023-11-01,United Kingdom,55.3781,-3.436,4.49,92.05
2023-11-01,Germany,51.1657,10.4515,2.89,92.25
2023-11-01,India,20.5937,78.9629,20.55,69.02
2023-11-01,China,35.8617,104.1954,5.19,82.26
2023-11-01,Australia,-25.2744,133.7751,27.39,63.97
2023-11-01,South Africa,-30.5595,22.9375,23.36,65.18
2023-11-01,Russia,61.524,105.3188,-16.26,100.00
2023-11-01,Japan,36.2048,138.2529,9.32,77.32
2023-11-01,Argentina,-38.4161,-63.6167,19.79,64.77
2023-11-01,France,46.2276,2.2137,6.60,92.01
2023-11-01,Italy,41.8719,12.5674,9.00,80.50
2023-11-01,Spain,40.4637,-3.7492,8.67,76.17
2023-11-01,Mexico,23.6345,-102.5528,18.31,71.22
2023-11-01,Indonesia,-0.7893,113.9213,27.83,53.51
2023-11-01,Nigeria,9.082,8.6753,25.29,58.86
2023-11-01,Egypt,26.8206,30.8025,17.44,77.64
2023-11-01,Saudi Arabia,23.8859,45.0792,16.91,78.25
2023-11-01,Sweden,60.1282,18.6435,-5.44,100.00
2023-11-01,Norway,60.472,8.4689,-5.56,95.46
2023-11-01,Chile,-35.6751,-71.543,16.56,79.02
2023-11-01,New Zealand,-40.9006,174.886,15.85,68.85
2023-12-01,United States,37.0902,-95.7129,-0.58,100.00
2023-12-01,Canada,56.1304,-106.3468,-21.06,100.00
2023-12-01,Brazil,-14.235,-51.9253,28.77,57.93
2023-12-01,United Kingdom,55.3781,-3.436,1.92,86.64
2023-12-01,Germany,51.1657,10.4515,-1.78,100.00
2023-12-01,India,20.5937,78.9629,16.17,71.76
2023-12-01,China,35.8617,104.1954,-0.54,99.87
2023-12-01,Australia,-25.2744,133.7751,30.85,53.96
2023-12-01,South Africa,-30.5595,22.9375,25.11,67.09
2023-12-01,Russia,61.524,105.3188,-26.52,100.00
2023-12-01,Japan,36.2048,138.2529,4.44,93.65
2023-12-01,Argentina,-38.4161,-63.6167,22.94,67.81
2023-12-01,France,46.2276,2.2137,2.20,97.31
2023-12-01,Italy,41.8719,12.5674,5.34,88.50
2023-12-01,Spain,40.4637,-3.7492,4.20,89.94
2023-12-01,Mexico,23.6345,-102.5528,14.08,72.28
2023-12-01,Indonesia,-0.7893,113.9213,29.24,56.31
2023-12-01,Nigeria,9.082,8.6753,24.53,62.81
2023-12-01,Egypt,26.8206,30.8025,14.23,80.71
2023-12-01,Saudi Arabia,23.8859,45.0792,11.35,71.89
2023-12-01,Sweden,60.1282,18.6435,-11.31,100.00
2023-12-01,Norway,60.472,8.4689,-10.30,100.00
2023-12-01,Chile,-35.6751,-71.543,19.59,65.10
2023-12-01,New Zealand,-40.9006,174.886,19.17,62.96
